Hydrogen,Oxigen,Nitrogen,Methane,CO,CO2,Ethylene,Ethane,Acethylene,DBDS,Power_factor,Interfacial_V,Dielectric_rigidity,Water_content,Health_index,Life_expectation
9.37454192291804,0.486529581723167,-1.0305619300388402,5.203865521129152,-0.6620145796290459,-0.6517817827859215,-0.14550663520840415,0.8614364803814721,-0.113155246375047,-0.3399749813194316,1.162153969207314,1.0704581963371043,0.24301882641988734,-0.7308850968164303,3.0819093877049832,-1.5422489322388475
-0.14968387086201254,0.9115845255052991,-0.46589386704344654,-0.1689096781381007,-0.7450683312692882,-0.4747838789083678,-0.0806435427744409,-0.3786991290565892,-0.08099515947856856,-0.2544214055440638,-0.3903319052091388,0.4183357925719449,2.7189029383216443,-0.6652683789459856,2.9325894289325984,-0.8134348158303849
-0.13754158045119164,-0.6397047874438758,0.8819400748755964,-0.14053234433915396,1.230736707751214,0.5945024269910798,-0.1184803466942528,-0.3321940437026619,-0.10820754069866569,3.146333231526808,-0.5429491606602477,0.9074275953958144,0.3977615834137472,-0.7965018146868751,2.9077027691372006,-1.5422489322388475
0.30331696369553623,0.4818717725611824,0.05144161737472115,-0.09323678800757602,-0.670757079801703,0.16690955267520285,0.011245838173673726,-0.21593133031784364,-0.113155246375047,3.146333231526808,-0.5534744886223931,-0.2337866111932145,2.8736456953155045,-0.4028015074642066,2.6090628515924306,-1.5422489322388475
-0.1487498485227186,2.182449840702171,0.9557818511271191,-0.20674612320336305,-0.14183581935594908,-0.1475506408117223,-0.07523828507161062,-0.394200824174565,-0.08099515947856856,-0.2544214055440638,-0.0008947706097573303,0.25530519163065507,0.3977615834137472,-0.7965018146868751,2.3228662639453588,-1.5422489322388475
-0.1487498485227186,1.6688965228423318,-0.10753972689480712,-0.21620523446967865,-0.7144695806649883,-0.6250192131274598,-0.12929086209991333,-0.394200824174565,-0.08594286515494985,-0.36136337526327356,-0.35349325734162973,0.5813663935132347,-0.0664666875678323,-0.7308850968164303,2.3228662639453588,-1.5422489322388475
0.08475573630076012,-0.8639962132440567,0.9336293182516623,-0.08377767674126044,0.6012766953199035,0.4971839918694008,-0.1184803466942528,-0.324443196143674,-0.113155246375047,4.023257383224329,-0.46400920094415693,0.5813663935132347,-1.7686370145002903,-0.6652683789459856,2.1922113000195216,-1.5422489322388475
5.274183853417751,0.486529581723167,0.2764375096131107,4.239036171964963,0.5051091934206755,-0.1293034342264075,4.167889011650153,-0.05316353157909809,9.757517578005642,-0.3399749813194316,-0.16930001800408445,0.9074275953958144,-0.5306949585494117,-0.009101200241538217,2.142437980428727,-0.8134348158303849
0.39858724230351555,1.836099928657163,1.1994597127571438,8.760491357263813,-0.12872206909696343,-0.9923963057117978,4.33004674273506,0.9079415657353995,1.3266271054519108,-0.36136337526327356,-0.16930001800408445,1.0704581963371043,0.24301882641988734,-0.7965018146868751,2.142437980428727,-1.4917925703336463
1.0710833265951343,-0.6134299665301166,0.31335839773887203,9.337497144509063,-0.5221345768665324,0.32687673040646265,13.47574277592388,2.520117858004879,-0.07109974812580595,-0.36136337526327356,-0.5639998165845386,1.0704581963371043,-3.780292855420468,1.171999721426467,2.142437980428727,-0.8134348158303849
-0.03853521248603665,-0.8995866524817852,1.8788040542711524,0.25675032884610066,0.5837916949745893,0.3025471216260429,0.22745614628688463,-0.1539245498459406,-0.113155246375047,3.231886807302176,-0.027208090515120964,0.5813663935132347,-2.851836313457309,0.187748953369796,2.067778001042534,-1.5422489322388475
-0.05347956991473929,-0.8653099542897448,2.03387178439935,0.22837299504715391,2.2798367284700642,1.4521211365008757,-0.08604880047727116,-0.16167539740492845,-0.113155246375047,3.5527127164598054,-0.6113637924141931,0.7443969944545246,-3.780292855420468,-0.7308850968164303,2.0055613515540403,-1.5366426698049362
-0.07122599436132367,-0.8914653441993505,2.1003293830257204,0.22837299504715391,1.4055867112043556,1.3608851035743017,-0.1184803466942528,-0.1539245498459406,-0.113155246375047,3.5741011104036473,-0.574525144546684,0.7443969944545246,-0.22120944456169214,-0.7965018146868751,1.949566367014396,-0.8975287523390536
-0.07869817307567499,-0.8512170957996376,2.070792672525111,0.4648507767050436,1.1782817067152713,1.2939786794281474,0.30312975412650844,-0.06866522669707385,-0.113155246375047,2.547458201099233,-0.04299608245833914,-0.7228784140170841,-0.8401804725371315,-0.7308850968164303,1.8624630577305046,-1.4637612581640902
1.8864848287987221,-0.9117686149054371,-0.315773535924101,9.819911819091159,-0.24237457134150558,2.4617999008882947,6.924570440093592,4.612846698931608,-0.10820754069866569,-0.36136337526327356,-0.16930001800408445,0.5813663935132347,-3.9350356124143278,0.9751495678151328,1.8500197278328057,-0.7405534041895385
-0.08150024009355673,-0.8960037223571816,1.7754255675190205,0.20945477251452274,2.909296740901375,2.1515973889379434,-0.09145405818010144,-0.18492794008189212,-0.113155246375047,4.493802049988852,-0.4587465369630842,1.0704581963371043,-1.3044087435187108,-0.5340349432050961,1.8064680731908602,-1.5142176200692914
-0.13940962512977947,1.1672863053978377,-0.24783910177270016,-0.21620523446967865,-0.33854207324073354,0.19914628430925901,-0.026590965746138177,-0.394200824174565,-0.113155246375047,-0.36136337526327356,-0.08509739430692095,-0.2337866111932145,-0.6854377155432716,-0.009101200241538217,1.588709799981132,-1.50861135763538
-0.13940962512977947,-0.6062641062809095,-1.3406973902952355,-0.10269589927389161,-0.8062658324778879,2.1333501823526286,-0.14550663520840415,-0.394200824174565,-0.113155246375047,-0.2544214055440638,-0.5955758004709749,0.7443969944545246,0.24301882641988734,-0.8621185325573197,1.588709799981132,-1.0264727883190126
-0.11512504430813768,-0.65403650794229,1.2806856666338189,-0.14053234433915396,1.3094192093051276,0.485019187479191,-0.0968593158829317,-0.394200824174565,-0.11068139353685634,-0.36136337526327356,-0.16930001800408445,-0.5598478130757942,0.3977615834137472,3.0092678217989195,1.5824881350322826,-0.24720231000534837
-0.1478158261834247,0.18795207133953953,-0.7794998907836633,-0.1783687894044163,1.1258267056793287,0.6309968401617094,-0.12929086209991333,-0.394200824174565,-0.11068139353685634,-0.36136337526327356,-0.16930001800408445,-0.5598478130757942,0.3977615834137472,2.2874839252240275,1.5824881350322826,-0.24720231000534837
-0.14594778150483687,0.5343019833845474,-1.1413245944161243,-0.21620523446967865,0.2778041889315912,1.1905778421113635,-0.12929086209991333,-0.394200824174565,-0.11068139353685634,-0.36136337526327356,-0.16930001800408445,-0.5598478130757942,0.24301882641988734,1.3032331571673565,1.5824881350322826,-0.24720231000534837
2.0798274530325624,0.14615121988583168,-0.24783910177270016,1.325629901939762,1.344389209995756,0.5945024269910798,-0.12929086209991333,0.016594096451792863,-0.113155246375047,-0.36136337526327356,0.20434912465207877,1.2334887972783941,0.08827606942602752,-0.27156807172331715,1.5327148154414876,-1.5142176200692914
11.877721792225731,-0.7470732601778283,-0.8348073811960538,7.606479782773311,-0.23800332125517704,0.35546402072345584,-0.12388560439708307,2.0860703947015575,-0.113155246375047,-0.3399749813194316,-0.16930001800408445,1.2334887972783941,0.08827606942602752,-0.27156807172331715,1.5327148154414876,-0.20795847296796965
9.841553092564997,0.6298467867073082,-1.1044037062903629,5.695739306977562,-0.6969845803196741,-0.6219780120299072,-0.14550663520840415,1.0784602120331328,-0.11068139353685634,-0.3399749813194316,1.6463190554660045,0.5813663935132347,-1.4591515005125708,-0.7965018146868751,1.5327148154414876,-0.9591976391120774
0.7077486366098015,1.692782723673022,-0.31429670039907054,0.181077438715576,-0.46530832574426134,-0.6937503579321455,0.25988769250386623,-0.37094828149760134,1.6507018272548857,-0.36136337526327356,-0.442958545019866,1.0704581963371043,0.3977615834137472,-0.20595135385287242,1.5327148154414876,-0.20795847296796965
7.232828698917091,-0.5090472689000004,-1.6736499594133512,4.2011997268997,-0.6226733288520889,0.05012743052918809,-0.1346961198027436,1.535760218013418,-0.113155246375047,-0.36136337526327356,-0.16930001800408445,-1.5380314187235333,0.3977615834137472,-0.14033463598242768,1.5327148154414876,-0.20795847296796965
4.545646428768498,-0.08196199804725969,0.4905786607425264,1.4769756822008113,-0.8762058338591445,-0.8652740998341046,-0.14550663520840415,-0.23143302543581942,-0.113155246375047,-0.36136337526327356,0.30433974029246047,-1.5380314187235333,-0.6854377155432716,-0.07471791811198296,1.5327148154414876,-0.20795847296796965
0.14826925537274635,-0.8548000259242411,0.645646390870724,1.4958939047334425,1.641634215866097,-0.739976614614943,0.7733871742727421,-0.27793811078974673,0.3148212946319352,-0.36136337526327356,-0.3640185853037752,1.0704581963371043,-0.375952201555552,-0.9277352504277645,1.5327148154414876,-0.20795847296796965
-0.010514542307219201,1.6211241211809515,0.1213697794849131,2.1864090271744803,-0.7625533316146024,-0.10497382544598777,12.016323196159707,6.643568759386433,11.835553962085786,-0.36136337526327356,-0.16930001800408445,0.7443969944545246,-0.375952201555552,-0.7308850968164303,1.5327148154414876,-0.20795847296796965
0.10623825010452016,1.6330672215962965,-0.11492390451995939,1.1269885653471348,-0.6357870791110746,0.24780550187009848,4.189510042461474,0.06309918180572016,9.386439652277044,-0.36136337526327356,-0.16930001800408445,1.0704581963371043,-0.5306949585494117,-0.7308850968164303,1.5264931504926382,-0.20795847296796965
0.0838217139614662,1.1314570041518024,-0.2921441675236138,1.0607747864829256,-0.6838708300606886,0.11399265357778991,0.16259305385292133,5.294921284122541,8.124774704799814,-0.36136337526327356,-0.16930001800408445,0.9074275953958144,-0.5306949585494117,-0.7965018146868751,1.5264931504926382,-0.20235221053405852
0.049262887407591355,1.967474033225959,0.062296358483694976,0.663492113297671,-0.631415829024746,0.12615745796799976,2.9787323170274926,-0.11517031205100116,6.887848285704489,-0.36136337526327356,-0.16930001800408445,0.5813663935132347,0.08827606942602752,-0.5996516610755408,1.5264931504926382,-0.20235221053405852
-0.026392922075215756,-0.3266761255576808,0.08385815714913959,0.09594543731873571,1.440556711894984,-0.2320960313236809,-0.12929086209991333,-0.35544658637962556,-0.113155246375047,-0.3399749813194316,-0.6324144483384839,1.396519398219684,1.9451891533523453,-0.8621185325573197,1.5078281556460897,-0.1967459481001472
-0.15248593787989428,-0.908543977793294,0.6825672789964853,-0.1783687894044163,-0.9548883354130583,-0.7150387656150128,0.016651095876504,-0.014409293784158674,0.052592893783726474,-0.36136337526327356,1.6200057355606412,1.396519398219684,-0.5306949585494117,-0.8621185325573197,1.4891631607995417,-0.18553342323232472
-0.1169930889867255,-0.5612386177150586,-2.303298785510085,-0.1121550105402072,-0.2686020718594769,-0.5812259173227042,0.005840580470843454,-0.37094828149760134,-0.06615204244942466,-0.36136337526327356,-0.16930001800408445,1.396519398219684,3.3378739662970838,1.434466592908246,1.4829414958506923,-0.1799271607984134
-0.11886113366531334,-0.5823779054502194,1.1551546470062302,0.7391650034281957,1.2525929581828565,1.4582035386959806,0.8977081014378383,-0.12292115960998905,-0.113155246375047,2.3549626556046555,-0.5008478488116659,0.25530519163065507,-0.0664666875678323,-0.6652683789459856,1.439389841208747,-0.9087412772068761
-0.12446526770107683,-0.8969591703904093,0.47581030549222186,1.3067116794071307,0.308402939535891,0.6249144379666045,1.1949972750935032,-0.17717709252290423,-0.113155246375047,0.06640450361356566,-0.3955945691902115,0.25530519163065507,0.24301882641988734,-0.7965018146868751,1.439389841208747,-0.903135014772965
-0.10391677623661069,-0.8884795690955142,1.531747705888996,0.13378188238399805,3.049176743663888,2.7050959886924923,-0.10226457358576198,-0.23143302543581942,-0.113155246375047,2.5902349889869174,-0.2640279696633935,0.9074275953958144,0.3977615834137472,-0.7965018146868751,1.4331681762598973,-0.903135014772965
-0.12446526770107683,-0.8853743629875245,-2.07173097518531,0.15270010491662922,-0.430338325053633,0.6127496335763946,-0.053617254260289536,-0.022160141343146558,-0.113155246375047,3.0180028678637565,-0.6166264563952658,1.2334887972783941,0.3977615834137472,-0.5996516610755408,1.426946511311048,-0.8975287523390536
-0.1300694017368403,-0.8803582608130796,-1.9166632450571122,0.1716183274492604,-0.22926082108251997,0.673573655527444,-0.09145405818010144,0.10960426715964747,-0.113155246375047,3.1035564436391243,-0.6061011284331204,0.9074275953958144,-0.22120944456169214,-0.8621185325573197,1.4207248463621984,-0.8975287523390536
-0.13287146875472206,-0.8839411909376831,-1.082251173414906,0.08648632605242013,-0.09375206840633508,0.8195513082099624,-0.0968593158829317,-0.02991098890213444,-0.113155246375047,3.0607796557514404,-0.6271517843574113,0.5813663935132347,-0.0664666875678323,-0.7965018146868751,1.395838186566801,-0.8919224899051423
-0.09737861986155329,-0.8576663700239239,0.6161096803701149,-0.027023009143366913,0.12481043591009214,0.3755359479673021,-0.0968593158829317,-0.27793811078974673,-0.113155246375047,2.547458201099233,-0.5850504725088295,0.5813663935132347,-0.22120944456169214,-0.7965018146868751,1.395838186566801,-0.8863162274712312
-0.05534761459332712,-0.7615244116803959,2.129866093526329,0.13378188238399805,0.5182229436796612,0.9351169499169562,-0.08604880047727116,-0.30894150102569823,-0.113155246375047,-0.31858658737558965,-0.5271611687170296,1.0704581963371043,0.08827606942602752,-0.5340349432050961,1.3833948566691021,-1.5366426698049362
-0.14968387086201254,1.4180914141200847,1.4726742848877776,-0.21620523446967865,-0.5702183278161465,-0.12322103203130257,-0.09145405818010144,-0.394200824174565,-0.113155246375047,0.00223932178203978,-0.16930001800408445,0.7443969944545246,-0.0664666875678323,0.7782994142037986,1.377173191720253,-1.5142176200692914
-0.11512504430813768,2.0271895353026848,0.4167368844910037,-0.13107323307283836,-0.6751283298880315,-0.46444379517668943,-0.053617254260289536,-0.30119065346671037,-0.113155246375047,1.520815291794819,0.1885611327088606,0.0922745906893652,-0.375952201555552,-0.7965018146868751,1.377173191720253,-0.8751037026034088
-0.11979515600460725,-0.7053918397282739,1.9083407647717614,-0.15945056687178513,-0.15932081970126324,-0.22662186934808648,-0.03740148115179872,-0.394200824174565,-0.113155246375047,1.619201903936492,-0.442958545019866,0.25530519163065507,-0.6854377155432716,-0.5340349432050961,1.377173191720253,-1.5142176200692914
-0.15248593787989428,-0.8519336818245582,0.21736408861189255,0.19053654998189157,-0.7450683312692882,0.6614088511372341,-0.12388560439708307,0.31112630369333244,-0.113155246375047,3.4885475346282795,-0.09036005828799368,0.9074275953958144,-0.22120944456169214,-0.4028015074642066,1.377173191720253,-1.5366426698049362
-0.12633331237966466,0.2536391236239376,-0.026313773018132206,-0.06485945420862926,0.02864293401086416,-0.23878667373829635,-0.14550663520840415,-0.37094828149760134,-0.113155246375047,0.6545853370692196,-0.22192665781481166,0.9074275953958144,-0.6854377155432716,-0.7965018146868751,1.377173191720253,-0.8751037026034088
-0.1291353793975464,0.9164811966755906,0.22474826623704483,-0.18782790067073188,0.12481043591009214,-0.30569309788445065,-0.14550663520840415,-0.394200824174565,-0.113155246375047,0.2161232612204594,-0.16930001800408445,0.7443969944545246,-1.6138942575064306,-0.7965018146868751,1.377173191720253,-0.8751037026034088
-0.1291353793975464,-0.8740284175929467,0.5053470159928309,-0.10269589927389161,0.3433729402265194,0.6492440467470242,-0.12388560439708307,-0.2856889583487346,-0.113155246375047,-0.36136337526327356,-0.35349325734162973,1.0704581963371043,0.3977615834137472,-0.7965018146868751,1.377173191720253,-0.8751037026034088
-0.13100342407613422,-0.8286446360146352,1.9969508962735885,-0.06485945420862926,2.95300924176466,1.0567649938190549,-0.1184803466942528,-0.34769573882063765,-0.113155246375047,1.0010773189594595,-0.6218891203763385,0.7443969944545246,-0.9949232295309912,-0.5996516610755408,1.377173191720253,-1.5142176200692914
-0.14407973682624903,0.3432123767390258,-0.39552265427574546,-0.19728701193704748,0.30403168944956244,0.17481667552883925,-0.14550663520840415,-0.3631974339386134,-0.113155246375047,1.9485831706716583,-0.4955851848305932,0.5813663935132347,0.552504340407607,-0.4684182253346514,1.377173191720253,-1.5142176200692914
-0.14407973682624903,-0.8465592866376529,0.6161096803701149,-0.12161412180652278,0.24283418824096284,0.16873427333373434,-0.12388560439708307,-0.26243641567177095,-0.113155246375047,3.3816055649090697,-0.5534744886223931,0.5813663935132347,0.3977615834137472,-0.5996516610755408,1.377173191720253,-1.5142176200692914
-0.1487498485227186,-0.8859715180082918,-0.661353048781227,-0.008104786610735739,-0.583332078075132,-0.3543523154452901,-0.10766983128859225,-0.02991098890213444,-0.113155246375047,3.231886807302176,0.26223842844387873,0.7443969944545246,0.552504340407607,-0.5996516610755408,1.377173191720253,-0.8751037026034088
-0.14501375916554296,-0.8081025033002417,0.564420436994049,-0.08377767674126044,-0.015069566852421284,0.10182784918758003,-0.11307508899142252,-0.22368217787683153,-0.113155246375047,2.055525140390868,-0.5850504725088295,0.5813663935132347,0.3977615834137472,-0.8621185325573197,1.377173191720253,-0.8807099650373199
-0.14594778150483687,-0.8897933101412022,0.5201153712431354,-0.09323678800757602,-0.14620706944227763,0.05925103382184549,-0.12388560439708307,-0.27793811078974673,-0.113155246375047,3.1035564436391243,-0.5429491606602477,0.7443969944545246,0.24301882641988734,-0.7965018146868751,1.377173191720253,-0.8751037026034088
-0.14594778150483687,-0.8839411909376831,0.2099799109867403,-0.13107323307283836,0.3433729402265194,0.6127496335763946,-0.12388560439708307,-0.27793811078974673,-0.113155246375047,3.16772162547065,-0.5271611687170296,0.4183357925719449,0.24301882641988734,-0.5340349432050961,1.377173191720253,-1.5142176200692914
-0.14594778150483687,0.9403673975062807,-0.06323466114389353,-0.19728701193704748,0.5881629450609178,1.0871770047945795,0.005840580470843454,-0.394200824174565,-0.113155246375047,3.1035564436391243,-0.3955945691902115,0.25530519163065507,-0.375952201555552,-0.5340349432050961,1.377173191720253,-1.5142176200692914
-0.14594778150483687,-0.6970316694375323,0.8228666538743783,-0.12161412180652278,-0.3691408238450334,0.3207943282113577,-0.12388560439708307,-0.2546855681127831,-0.113155246375047,2.718565352649969,-0.537686496679175,0.25530519163065507,-0.5306949585494117,-0.9933519682982093,1.377173191720253,-0.13507706132712335
-0.14688180384413077,-0.48563879208592403,1.6646629031417366,-0.05540034294231367,0.16852293677337757,0.31471192601625275,-0.10766983128859225,-0.1539245498459406,-0.113155246375047,3.787985049842067,-0.442958545019866,0.4183357925719449,0.24301882641988734,-0.8621185325573197,1.377173191720253,-0.13507706132712335
-0.1478158261834247,-0.8895544481328953,0.4019685292406992,-0.06485945420862926,-0.03255456719773546,0.29646471943093794,-0.1184803466942528,-0.22368217787683153,-0.113155246375047,3.16772162547065,-0.5271611687170296,0.7443969944545246,0.08827606942602752,-0.7965018146868751,1.377173191720253,-0.8751037026034088
-0.1478158261834247,1.1434001045671474,0.42412106211615597,-0.1783687894044163,0.2515766884136199,0.6492440467470242,-0.10766983128859225,-0.394200824174565,-0.113155246375047,3.146333231526808,-0.4219078890955751,0.4183357925719449,0.24301882641988734,-0.4028015074642066,1.377173191720253,-1.5142176200692914
-0.1478158261834247,1.800270627411128,0.3059742201137197,-0.21620523446967865,-0.39099707427667607,-0.5210101355911654,-0.09145405818010144,-0.394200824174565,-0.113155246375047,-0.10470264793717003,-0.5850504725088295,0.25530519163065507,-0.6854377155432716,-0.4028015074642066,1.377173191720253,-1.5142176200692914
-0.1478158261834247,1.5016931170275005,-0.40290683190089777,-0.21620523446967865,-0.3953683243630046,-0.5246595769082283,-0.053617254260289536,-0.394200824174565,-0.113155246375047,2.675788564762285,-0.158774690041939,-0.07075601025192466,-0.22120944456169214,-0.4684182253346514,1.377173191720253,-1.5142176200692914
-0.1487498485227186,-0.927891800466153,-1.2015794838373668,-0.1689096781381007,-0.6532720794563888,-0.4905981246156407,-0.1346961198027436,-0.34769573882063765,-0.113155246375047,1.2641545644687155,-0.6113637924141931,-0.07075601025192466,2.254674667340065,-0.5996516610755408,1.377173191720253,-0.13507706132712335
-0.1487498485227186,-0.36859640801554205,1.8861882318963046,-0.19728701193704748,-0.3691408238450334,0.13832226235820966,-0.10226457358576198,-0.394200824174565,-0.113155246375047,-0.21164461765637985,0.12014650095491526,0.25530519163065507,-0.22120944456169214,-0.07471791811198296,1.377173191720253,-1.5142176200692914
-0.1487498485227186,1.4778069161968101,-0.2183023912720911,-0.21620523446967865,-0.1942908203918916,0.22347589308967875,0.2112403731783938,-0.394200824174565,-0.113155246375047,2.718565352649969,0.3832797000085512,-0.2337866111932145,0.08827606942602752,-0.20595135385287242,1.377173191720253,-1.5142176200692914
-0.14968387086201254,0.9045380962602455,-0.11492390451995939,-0.21620523446967865,0.41331294160777604,-0.269198684713821,-0.04821199655745926,-0.394200824174565,-0.113155246375047,-0.36136337526327356,0.0885705170684789,-0.07075601025192466,-2.851836313457309,-0.14033463598242768,1.377173191720253,-1.5142176200692914
-0.14968387086201254,1.5255793178581907,-0.4176751871512023,-0.21620523446967865,-0.526505826952861,-0.47235091803032586,-0.04821199655745926,-0.394200824174565,-0.113155246375047,2.3549626556046555,-0.22718932179588439,-0.2337866111932145,0.552504340407607,-0.6652683789459856,1.377173191720253,-1.5142176200692914
-0.14968387086201254,-0.8875241210622866,-0.048466305893589,-0.1689096781381007,-0.8368645830821876,-0.6444829001517955,-0.0968593158829317,-0.30894150102569823,-0.113155246375047,3.253275201246018,1.0674260175480053,-0.07075601025192466,0.08827606942602752,-0.4684182253346514,1.377173191720253,-1.5142176200692914
-0.15061789320130645,1.6330672215962965,-0.011545417767827675,-0.19728701193704748,-0.5789608279888036,-0.39084672861591974,-0.12929086209991333,-0.394200824174565,-0.113155246375047,2.2694090798292876,-0.5482118246413205,0.5813663935132347,0.08827606942602752,-0.7965018146868751,1.377173191720253,-0.8863162274712312
-0.15061789320130645,0.8209363933528298,-0.25522327939785244,-0.19728701193704748,0.25594793849994846,0.05925103382184549,0.15178253844726078,-0.394200824174565,-0.113155246375047,0.3872304127711951,-0.2745532976255389,0.4183357925719449,-1.9233797714941503,-0.14033463598242768,1.377173191720253,-1.5142176200692914
-0.15248593787989428,-0.2611085042774362,1.782809745144173,-0.05540034294231367,0.2909179391905768,0.31471192601625275,-0.11307508899142252,-0.07641607425606174,-0.113155246375047,-0.26725444191036896,-0.574525144546684,0.5813663935132347,0.24301882641988734,-0.6652683789459856,1.377173191720253,-1.5142176200692914
-0.15248593787989428,1.680839623257677,0.047528003233390445,-0.19728701193704748,-0.871834583772816,-0.15971544520193218,-0.12929086209991333,-0.3399448912616498,-0.113155246375047,2.547458201099233,-0.4797971928873751,0.4183357925719449,0.3977615834137472,-0.4684182253346514,1.377173191720253,-1.5142176200692914
-0.15248593787989428,1.5972379203502611,-0.25522327939785244,-0.21620523446967865,-0.6445295792837317,-0.09889142325088282,-0.14550663520840415,-0.394200824174565,-0.113155246375047,2.547458201099233,-0.5271611687170296,0.7443969944545246,-0.5306949585494117,-0.9277352504277645,1.377173191720253,-0.13507706132712335
-0.15248593787989428,2.1585636398714807,0.15090648998552217,-0.21620523446967865,-0.9461458352404012,-0.7807287093221461,-0.14550663520840415,-0.394200824174565,-0.113155246375047,2.2052438979977618,-0.24297731373910259,0.0922745906893652,-0.5306949585494117,-0.7965018146868751,1.377173191720253,-0.8751037026034088
-0.15248593787989428,1.800270627411128,-0.17399732552117753,-0.21620523446967865,-0.7538108314419453,-0.6870597155175301,-0.14550663520840415,-0.394200824174565,-0.113155246375047,2.9538376860322306,-0.5008478488116659,0.7443969944545246,-0.0664666875678323,-0.7308850968164303,1.377173191720253,-0.8751037026034088
-0.15248593787989428,1.6688965228423318,0.3576634634897856,-0.18782790067073188,-0.7013558304060027,0.3025471216260429,-0.0968593158829317,-0.3321940437026619,-0.113155246375047,-0.36136337526327356,-0.4797971928873751,0.5813663935132347,0.3977615834137472,-0.6652683789459856,1.377173191720253,-0.8751037026034088
-0.15248593787989428,-0.6695625384822386,0.8228666538743783,-0.09323678800757602,-0.4696795758305899,-0.09889142325088282,-0.12388560439708307,-0.22368217787683153,-0.113155246375047,3.338828777021386,-0.4061198971523569,0.5813663935132347,-0.22120944456169214,-0.7965018146868751,1.377173191720253,-0.8751037026034088
-0.15248593787989428,-0.821956499782042,0.8154824762492261,-0.15945056687178513,0.12043918582376359,1.1236714179652092,-0.10226457358576198,-0.30894150102569823,-0.113155246375047,2.9110608981445467,-0.5113731767738113,0.25530519163065507,0.3977615834137472,-0.7965018146868751,1.377173191720253,-0.8751037026034088
-0.15248593787989428,2.2899377444402766,0.6604147461210285,-0.21620523446967865,-0.8368645830821876,-0.7314612515417961,-0.14550663520840415,-0.394200824174565,-0.113155246375047,-0.126091041881012,-0.16930001800408445,0.7443969944545246,-0.375952201555552,-0.7965018146868751,1.377173191720253,-0.8751037026034088
-0.15248593787989428,1.6450103220116417,-0.1370764373954162,-0.21620523446967865,-0.15057831952860615,0.6492440467470242,-0.1184803466942528,-0.394200824174565,-0.113155246375047,-0.1688678297686959,-0.6534651042627748,0.7443969944545246,-0.22120944456169214,-0.6652683789459856,1.377173191720253,-0.8751037026034088
-0.15248593787989428,2.7437755602233906,0.8154824762492261,-0.21620523446967865,-0.6139308286794318,0.03492142504142575,-0.12388560439708307,-0.394200824174565,-0.113155246375047,-0.2330330116002218,-0.6061011284331204,0.9074275953958144,-0.0664666875678323,-0.7965018146868751,1.377173191720253,-0.8863162274712312
-0.15248593787989428,1.6569534224269866,-0.1518447926457207,-0.21620523446967865,-0.1768058200465774,0.34512393699177746,-0.11307508899142252,-0.394200824174565,-0.113155246375047,-0.2330330116002218,-0.6271517843574113,0.4183357925719449,0.24301882641988734,-0.8621185325573197,1.377173191720253,-0.13507706132712335
-0.15248593787989428,0.06613244710301953,-1.244703081168256,-0.21620523446967865,-0.9417745851540726,-0.9139333173949441,-0.14550663520840415,-0.394200824174565,-0.113155246375047,-0.3399749813194316,4.26712571804022,-0.2337866111932145,-1.6138942575064306,-0.5996516610755408,1.377173191720253,-1.5142176200692914
-0.15248593787989428,2.325767045686312,0.5791887922443536,-0.21620523446967865,-0.9024333343771158,-0.7040904416638238,-0.14550663520840415,-0.394200824174565,-0.113155246375047,-0.3399749813194316,-0.3692812492848479,0.25530519163065507,-2.07812252848801,0.187748953369796,1.377173191720253,-1.5142176200692914
-0.15248593787989428,1.3703190124587044,-0.14446061502056845,-0.21620523446967865,-0.8106370825642163,-0.7308530113222856,-0.14550663520840415,-0.394200824174565,-0.113155246375047,-0.36136337526327356,-0.04299608245833914,1.0704581963371043,-0.9949232295309912,-0.6652683789459856,1.377173191720253,-1.5142176200692914
-0.15248593787989428,2.0271895353026848,-0.14446061502056845,-0.21620523446967865,-0.6882420801470172,-0.7107810840784393,-0.14550663520840415,-0.394200824174565,-0.113155246375047,3.980480595336645,0.07804518910633344,1.0704581963371043,0.24301882641988734,-0.7308850968164303,1.377173191720253,-0.8751037026034088
-0.15248593787989428,1.692782723673022,-0.20353403602178657,-0.21620523446967865,-0.5090208266075468,-0.5027629290058505,-0.10226457358576198,-0.394200824174565,-0.113155246375047,2.547458201099233,-0.3640185853037752,0.4183357925719449,-0.22120944456169214,-0.5996516610755408,1.377173191720253,-0.8751037026034088
-0.15248593787989428,0.7731639916914493,1.3323749100098847,-0.14999145560546953,-0.3953683243630046,0.16873427333373434,-0.12929086209991333,-0.2934398059077225,-0.113155246375047,-0.36136337526327356,-0.4797971928873751,-0.2337866111932145,-0.375952201555552,-0.9277352504277645,1.377173191720253,-0.13507706132712335
-0.1356735357726038,1.1672863053978377,0.29859004248856746,-0.1783687894044163,-0.03255456719773546,-0.04414980349493841,-0.14550663520840415,-0.3399448912616498,-0.113155246375047,0.8149982916480344,-0.16930001800408445,1.0704581963371043,-0.6854377155432716,-0.8621185325573197,1.377173191720253,-0.13507706132712335
-0.14221169214766122,-0.7985480229679657,1.1994597127571438,-0.14999145560546953,1.3181617094777847,0.7891392972344378,0.10854047682461862,-0.394200824174565,-0.113155246375047,0.9219402613672442,3.74612198391402,-0.3968172121345043,-0.5306949585494117,1.3032331571673565,1.377173191720253,-1.5142176200692914
-0.13754158045119164,-0.0580757972165695,1.7237363241429546,-0.1689096781381007,1.353131710168413,0.9047049389414314,-0.1184803466942528,-0.394200824174565,-0.113155246375047,-0.36136337526327356,-0.5061105127927387,1.2334887972783941,-1.3044087435187108,-0.5340349432050961,1.377173191720253,-1.5142176200692914
-0.14127766980836728,-0.8796416747881588,0.5053470159928309,-0.18782790067073188,-0.7406970811829596,0.2842999150407281,-0.12929086209991333,-0.3321940437026619,-0.113155246375047,3.0821680496952824,-0.5482118246413205,0.4183357925719449,0.552504340407607,-0.5996516610755408,1.377173191720253,-1.5142176200692914
-0.1487498485227186,-0.8601744211111464,-0.23307074652239565,0.12432277111768247,-0.028183317111406918,0.5458432094302403,-0.12929086209991333,0.024344944010780745,-0.113155246375047,3.253275201246018,-0.08509739430692095,0.5813663935132347,0.3977615834137472,-0.5340349432050961,1.3709515267714036,-1.5142176200692914
-0.04600739120038797,-0.6529616289049088,-1.1663569565653904,-0.19728701193704748,-0.4128533247083188,-0.5933907217129141,-0.14550663520840415,-0.394200824174565,-0.113155246375047,-0.36136337526327356,-0.16930001800408445,0.5813663935132347,3.3378739662970838,0.7782994142037986,1.3585081968737047,-0.12386453645930089
1.2018464540962823,0.6179036862919631,0.6013413251198103,1.2688752343418686,0.17289418685970612,1.0202705806484254,0.29772449642367815,0.1871127427495263,-0.113155246375047,-0.2971981934317477,6.566909877769,-0.3968172121345043,0.3977615834137472,-0.6652683789459856,1.277626552538663,-1.4413362084284451
-0.07683012839708717,1.9065642211076992,1.2422141012067756,-0.12161412180652278,2.6819917364122903,-0.18951921595794635,-0.14550663520840415,-0.394200824174565,-0.113155246375047,-0.2544214055440638,-0.6639904322249203,1.396519398219684,3.183131209303224,-0.7965018146868751,1.1967449082036206,-0.8246473406982073
-0.08990644114720198,-0.2252792030314009,-0.44721189765181135,-0.08377767674126044,3.022949243145917,1.427791527720456,-0.14550663520840415,-0.35544658637962556,-0.113155246375047,-0.2544214055440638,-0.6166264563952658,0.7443969944545246,-0.5306949585494117,-0.9277352504277645,0.8669966659146037,-0.08462069942192216
0.9963615394516211,-0.9061553577102249,1.7458888570184115,0.36080055277557216,1.4755267125856124,5.8496979235617435,0.005840580470843454,-0.20818048275885576,-0.113155246375047,-0.36136337526327356,-0.1956133379094481,-0.7228784140170841,-0.0664666875678323,-0.27156807172331715,0.7798933566307124,-0.08462069942192216
-0.10204873155802287,-0.7328609706835676,-1.5179176532988898,-0.14053234433915396,1.3793592106863843,1.4034619189400361,-0.14550663520840415,-0.37094828149760134,-0.113155246375047,-0.2544214055440638,-0.5955758004709749,1.0704581963371043,0.3977615834137472,-0.9277352504277645,0.7674500267330134,-0.08462069942192216
-0.11138895495096202,-0.7274865754966623,-0.4708412660522986,-0.20674612320336305,-0.4609370756579328,-0.7071316427613763,-0.14550663520840415,-0.394200824174565,-0.113155246375047,-0.36136337526327356,-0.16930001800408445,1.0704581963371043,3.183131209303224,0.5158325427220196,0.761228361784164,-0.08462069942192216
-0.11792711132601942,-0.8602938521152997,-2.020041731809244,-0.017563897877051326,2.839356739520118,1.2209898530868881,-0.09145405818010144,-0.31669234858468615,-0.113155246375047,-0.2544214055440638,-0.6218891203763385,0.9074275953958144,0.24301882641988734,-0.8621185325573197,0.761228361784164,-0.07901443698801083
-0.1300694017368403,-0.77585613217881,1.7089679688926502,-0.10269589927389161,2.3279204794196784,0.7769744928442278,-0.12929086209991333,-0.3631974339386134,-0.113155246375047,-0.31858658737558965,-0.6324144483384839,0.9074275953958144,-0.5306949585494117,-0.7965018146868751,0.761228361784164,-0.8134348158303849
-0.13193744641542815,-0.597903935990168,0.4019685292406992,-0.18782790067073188,2.3235492293333495,0.43027756772324655,-0.12929086209991333,-0.394200824174565,-0.113155246375047,-0.126091041881012,-0.5008478488116659,0.7443969944545246,-1.6138942575064306,-0.7308850968164303,0.761228361784164,-0.8134348158303849
-0.13380549109401596,-0.6755340886899112,-1.9461999555577212,-0.15945056687178513,0.2996604393632339,0.16873427333373434,-0.14550663520840415,-0.394200824174565,-0.113155246375047,-0.3399749813194316,-0.158774690041939,1.2334887972783941,-0.22120944456169214,-0.7965018146868751,0.761228361784164,-0.8134348158303849
-0.1347395134333099,-0.860891007136067,-2.0274259094343963,-0.07431856547494485,-0.23800332125517704,-0.6669877882736838,-0.1346961198027436,-0.3631974339386134,-0.113155246375047,-0.36136337526327356,-0.5061105127927387,1.396519398219684,-0.9949232295309912,-0.8621185325573197,0.761228361784164,-0.8078285533964735
-0.14501375916554296,0.33126927632368075,1.0296236273786417,0.0013543246555798472,-0.05441081762937818,1.6467580067442336,-0.14550663520840415,-0.35544658637962556,-0.113155246375047,-0.2544214055440638,-0.6271517843574113,1.0704581963371043,-0.22120944456169214,-0.9277352504277645,0.761228361784164,-0.08462069942192216
-0.14501375916554296,0.10554467847365837,1.790193922769325,-0.017563897877051326,-0.03692581728406401,2.0481965516211593,-0.14550663520840415,-0.3631974339386134,-0.113155246375047,-0.14747943582485395,-0.5903131364899022,0.7443969944545246,0.24301882641988734,-0.8621185325573197,0.761228361784164,-0.8078285533964735
-0.14594778150483687,-0.340768984047788,0.6184726172101637,-0.017563897877051326,-0.16806331987392034,1.885188172792347,-0.14550663520840415,-0.3786991290565892,-0.113155246375047,-0.14747943582485395,-0.5850504725088295,-0.07075601025192466,1.9451891533523453,-0.7308850968164303,0.761228361784164,-0.08462069942192216
-0.14314571448695512,-0.534605503788839,0.2542849767376539,-0.19728701193704748,1.921394221391124,0.41203036113793173,-0.14550663520840415,-0.394200824174565,-0.113155246375047,-0.2544214055440638,-0.5692624805656114,0.9074275953958144,0.3977615834137472,-0.7965018146868751,0.761228361784164,-0.8134348158303849
-0.14407973682624903,-0.8261365849274128,-1.0970195286652107,-0.06485945420862926,0.17726543694603467,0.6918208621127587,-0.14550663520840415,-0.37094828149760134,-0.113155246375047,-0.2544214055440638,-0.6324144483384839,1.0704581963371043,-0.6854377155432716,-0.8621185325573197,0.761228361784164,-0.08462069942192216
-0.14594778150483687,0.04702348643846738,0.6013413251198103,-0.04594123167599808,-0.010698316766092739,0.6370792423568143,-0.14550663520840415,-0.3631974339386134,-0.113155246375047,-0.2544214055440638,-0.6534651042627748,2.537733604808713,-0.22120944456169214,-0.9277352504277645,0.761228361784164,-0.08462069942192216
-0.14594778150483687,-0.857427508015617,-2.271103771064421,-0.14053234433915396,-0.3778833240176905,-0.7022657210052924,-0.14550663520840415,-0.394200824174565,-0.113155246375047,-0.2544214055440638,-0.6376771123195566,1.0704581963371043,-0.9949232295309912,-0.8621185325573197,0.761228361784164,-0.8078285533964735
-0.14594778150483687,-0.7639130317634648,-2.381866435441705,-0.1783687894044163,-0.0762670680610209,-0.8604081780780207,-0.14550663520840415,-0.394200824174565,-0.113155246375047,-0.2544214055440638,0.13593449289813345,1.2334887972783941,-0.8401804725371315,-0.9277352504277645,0.761228361784164,-0.08462069942192216
-0.14594778150483687,-0.6205958267793237,0.8228666538743783,-0.19728701193704748,2.3847467305419494,-0.16579784739703712,-0.14550663520840415,-0.394200824174565,-0.113155246375047,-0.2544214055440638,-0.5587371526034659,0.25530519163065507,-1.149665986524851,-0.9277352504277645,0.761228361784164,-0.08462069942192216
-0.14594778150483687,-0.39487122892930127,-1.8354372911804373,-0.19728701193704748,-0.35602707358604774,-0.3665171198355,-0.14550663520840415,-0.394200824174565,-0.113155246375047,-0.2544214055440638,0.12014650095491526,1.2334887972783941,-0.6854377155432716,-0.5996516610755408,0.761228361784164,-1.5142176200692914
-0.14688180384413077,0.08165847764296816,1.2289964232577528,-0.09323678800757602,0.2297204379819772,0.22347589308967875,-0.0968593158829317,-0.394200824174565,-0.113155246375047,-0.3399749813194316,-0.31665460947412066,0.4183357925719449,-0.5306949585494117,-0.7308850968164303,0.761228361784164,-0.8134348158303849
-0.14688180384413077,0.6537329875379984,-0.7942682460339678,-0.21620523446967865,0.7542704483414026,1.50686275625682,-0.14550663520840415,-0.394200824174565,-0.113155246375047,-0.36136337526327356,-0.16930001800408445,0.4183357925719449,-0.22120944456169214,2.5499507967058066,0.761228361784164,-0.08462069942192216
-0.14688180384413077,-0.20855886244991775,-0.4989011410278772,-0.1689096781381007,2.8612129899517607,0.58233762260087,-0.14550663520840415,-0.394200824174565,-0.113155246375047,-0.36136337526327356,-0.16930001800408445,-0.8859090149583739,0.24301882641988734,-0.27156807172331715,0.761228361784164,-0.08462069942192216
-0.1478158261834247,0.5343019833845474,1.7163521465178024,-0.05540034294231367,0.13355293608274924,0.12007505577289485,-0.12929086209991333,-0.35544658637962556,-0.113155246375047,-0.2544214055440638,-0.6324144483384839,1.0704581963371043,-0.8401804725371315,-0.9277352504277645,0.761228361784164,-0.08462069942192216
-0.1478158261834247,0.5581881842152376,0.054912180858542714,-0.18782790067073188,1.2919342089598134,0.8073865038197525,-0.12929086209991333,-0.394200824174565,-0.113155246375047,-0.3399749813194316,-0.16930001800408445,1.0704581963371043,1.326218125376906,-0.8621185325573197,0.761228361784164,-0.08462069942192216
-0.1478158261834247,-0.4944766863932794,0.7434867444039914,-0.1689096781381007,-0.3516558234997192,1.6108718337931145,-0.11307508899142252,-0.38644997661557706,-0.113155246375047,-0.2544214055440638,0.04646920521989709,0.0922745906893652,-0.6854377155432716,0.187748953369796,0.761228361784164,-1.5142176200692914
-0.1478158261834247,0.8567656945988651,-0.2404549241475479,-0.21620523446967865,-0.03692581728406401,-0.7807287093221461,-0.14550663520840415,-0.394200824174565,-0.113155246375047,-0.36136337526327356,-0.3219172734551934,1.5595499991609738,0.552504340407607,-0.7965018146868751,0.761228361784164,-1.5142176200692914
-0.1487498485227186,-0.9013781175440869,-2.0421942646847007,-0.14053234433915396,0.20349293746400593,1.5494395716225546,-0.14550663520840415,-0.3631974339386134,-0.113155246375047,-0.31858658737558965,-0.5797878085277568,0.9074275953958144,0.24301882641988734,-0.8621185325573197,0.761228361784164,-0.8134348158303849
-0.1487498485227186,0.6895622887840337,-0.7499631802830542,-0.18782790067073188,0.8941504511039159,2.559118336009974,-0.14550663520840415,-0.3399448912616498,-0.113155246375047,-0.36136337526327356,-0.16930001800408445,-0.7228784140170841,0.24301882641988734,3.9935185898555905,0.761228361784164,-0.08462069942192216
-0.1487498485227186,1.095627702905767,0.6677989237461808,-0.20674612320336305,0.7411566980824169,-0.45410371144501105,-0.14550663520840415,-0.394200824174565,-0.113155246375047,-0.2544214055440638,-0.41138256113342964,1.396519398219684,-0.8401804725371315,-0.7308850968164303,0.761228361784164,-0.8134348158303849
-0.14968387086201254,1.5136362174428455,-0.26999163464815695,-0.21620523446967865,-0.8893195841181302,-0.8470268932487899,-0.14550663520840415,-0.394200824174565,-0.113155246375047,-0.3399749813194316,-0.16930001800408445,1.396519398219684,-0.8401804725371315,-0.7308850968164303,0.761228361784164,-0.08462069942192216
-0.14968387086201254,1.1434001045671474,0.6677989237461808,-0.18782790067073188,0.5400791941113039,0.33295913260156756,-0.12388560439708307,-0.394200824174565,-0.113155246375047,-0.3399749813194316,-0.158774690041939,0.9074275953958144,-0.8401804725371315,-0.8621185325573197,0.761228361784164,-0.08462069942192216
-0.14968387086201254,-0.6934487393129287,0.8819400748755964,-0.15945056687178513,3.6349242552319128,0.7708920906491229,-0.14550663520840415,-0.394200824174565,-0.113155246375047,-0.2544214055440638,-0.4903225208495205,0.5813663935132347,-0.375952201555552,-0.8621185325573197,0.761228361784164,-0.08462069942192216
-0.14968387086201254,1.800270627411128,0.025375470357933652,-0.21620523446967865,-0.1636920697875918,0.387700752357512,-0.1184803466942528,-0.394200824174565,-0.113155246375047,-0.2971981934317477,-0.6429397763006294,1.0704581963371043,-0.375952201555552,-0.7965018146868751,0.761228361784164,-0.8134348158303849
-0.14968387086201254,1.8958154307338886,0.15829066761067442,-0.21620523446967865,-0.15932081970126324,0.9776937652826907,-0.10226457358576198,-0.394200824174565,-0.113155246375047,-0.31858658737558965,-0.6429397763006294,1.2334887972783941,0.3977615834137472,-0.7965018146868751,0.761228361784164,-0.8134348158303849
-0.14968387086201254,1.6569534224269866,-0.3290650556493751,-0.21620523446967865,-0.478422076003247,-0.09280902105577789,-0.14550663520840415,-0.394200824174565,-0.113155246375047,-0.3399749813194316,0.14119715687920617,-0.5598478130757942,0.08827606942602752,0.31898238911068544,0.761228361784164,-1.5310364073710252
-0.14968387086201254,1.3942052132893945,-0.3586017661499841,-0.21620523446967865,-0.12872206909696343,0.5884200247959749,0.016651095876504,-0.394200824174565,-0.113155246375047,-0.36136337526327356,-0.2850786255876843,0.25530519163065507,-1.6138942575064306,0.4502158248515749,0.761228361784164,-1.5366426698049362
-0.14968387086201254,1.2628311087205983,-0.19614985839663432,-0.21620523446967865,-0.48279332608957554,0.010591816261006007,0.005840580470843454,-0.394200824174565,-0.113155246375047,-0.2544214055440638,0.19908646067100605,-0.5598478130757942,0.24301882641988734,-0.27156807172331715,0.761228361784164,-1.5142176200692914
-0.14968387086201254,0.84482259418352,0.6677989237461808,-0.21620523446967865,-0.32979957306807645,-0.7448425363710269,-0.14550663520840415,-0.394200824174565,-0.113155246375047,-0.36136337526327356,-0.6271517843574113,0.9074275953958144,-0.5306949585494117,-0.8621185325573197,0.761228361784164,-0.8134348158303849
-0.14968387086201254,0.4984726821385121,-0.8754941999106427,-0.21620523446967865,-0.18991957030556306,-0.8512845747853633,-0.14550663520840415,-0.394200824174565,-0.113155246375047,-0.36136337526327356,-0.3850692412280661,1.5595499991609738,0.24301882641988734,-0.7965018146868751,0.761228361784164,-0.8134348158303849
-0.15061789320130645,2.048448254041999,2.135921119178954,-0.19728701193704748,-0.9592595854993868,-0.7205129275906073,-0.14550663520840415,-0.394200824174565,-0.113155246375047,-0.36136337526327356,-0.16930001800408445,1.5595499991609738,0.24301882641988734,-0.7965018146868751,0.761228361784164,-0.08462069942192216
-0.15061789320130645,0.964253598336971,0.2690533319879584,-0.1783687894044163,0.5269654438523182,0.34512393699177746,-0.14550663520840415,-0.394200824174565,-0.113155246375047,-0.36136337526327356,-0.574525144546684,0.7443969944545246,-0.6854377155432716,-0.8621185325573197,0.761228361784164,-0.8134348158303849
-0.15061789320130645,2.0271895353026848,0.5127311936179831,-0.18782790067073188,-0.09812331849266362,0.9594465586973759,-0.0968593158829317,-0.394200824174565,-0.113155246375047,-0.27580979948790574,-0.6534651042627748,1.2334887972783941,0.08827606942602752,-0.6652683789459856,0.761228361784164,-0.8134348158303849
-0.15248593787989428,2.0033033344719944,0.23213244386219709,-0.21620523446967865,-0.9068045844634444,-0.47174267781081536,-0.0968593158829317,-0.394200824174565,-0.113155246375047,-0.3399749813194316,-0.14298669809872083,0.4183357925719449,-0.0664666875678323,-0.5340349432050961,0.761228361784164,-1.5142176200692914
-0.15248593787989428,-0.3363500368941103,0.3059742201137197,-0.1783687894044163,0.10295418547844941,-0.509453571420466,-0.14550663520840415,-0.394200824174565,-0.113155246375047,-0.2544214055440638,-0.4797971928873751,1.0704581963371043,-0.22120944456169214,-0.8621185325573197,0.761228361784164,-0.8078285533964735
-0.15248593787989428,-0.03657821646894832,-0.7056581145321407,-0.1689096781381007,0.25594793849994846,-0.550205666127669,-0.14550663520840415,-0.37094828149760134,-0.113155246375047,-0.2544214055440638,-0.4903225208495205,0.9074275953958144,-0.9949232295309912,-0.9277352504277645,0.761228361784164,-0.08462069942192216
-0.15248593787989428,-0.8344967552181544,-1.9905050213086348,-0.1783687894044163,0.9597192023988441,0.6979032643078636,-0.14550663520840415,-0.394200824174565,-0.113155246375047,-0.3399749813194316,-0.4534838729820114,0.4183357925719449,-0.9949232295309912,-0.9277352504277645,0.761228361784164,-0.08462069942192216
-0.15248593787989428,-0.7477898462027489,-2.813471617631855,-0.21620523446967865,-0.5571045775571608,-0.7697803853709572,-0.14550663520840415,-0.394200824174565,-0.113155246375047,-0.2544214055440638,-0.5587371526034659,0.5813663935132347,3.3378739662970838,-0.5996516610755408,0.761228361784164,-0.08462069942192216
-0.15248593787989428,1.7166689245037121,-0.03369795064328447,-0.19728701193704748,-0.06752456788836382,0.5884200247959749,-0.09145405818010144,-0.394200824174565,-0.113155246375047,-0.27580979948790574,-0.5639998165845386,1.0704581963371043,0.24301882641988734,-0.6652683789459856,0.761228361784164,-0.8134348158303849
-0.15248593787989428,1.6688965228423318,-0.026313773018132206,-0.21620523446967865,0.04612793435617834,0.5032663940645058,-0.10766983128859225,-0.394200824174565,-0.113155246375047,-0.31858658737558965,-0.5534744886223931,0.9074275953958144,-0.6854377155432716,-0.7965018146868751,0.761228361784164,-0.08462069942192216
-0.15248593787989428,1.800270627411128,0.15829066761067442,-0.21620523446967865,-0.14620706944227763,0.30862952382114783,-0.1184803466942528,-0.394200824174565,-0.113155246375047,-0.31858658737558965,-0.6482024402817022,1.8856112010435535,-0.5306949585494117,-0.7308850968164303,0.761228361784164,-0.8134348158303849
-0.15248593787989428,2.2421653427788963,1.0960812260050121,-0.19728701193704748,-0.12872206909696343,0.30862952382114783,-0.11307508899142252,-0.394200824174565,-0.113155246375047,-0.31858658737558965,-0.6587277682438476,1.2334887972783941,-0.22120944456169214,-0.7965018146868751,0.761228361784164,-0.08462069942192216
-0.15248593787989428,-0.5405770539965115,-2.6181601194465776,-0.21620523446967865,-0.526505826952861,-0.8591916976389997,-0.14550663520840415,-0.394200824174565,-0.113155246375047,-0.3399749813194316,-0.16930001800408445,1.0704581963371043,0.3977615834137472,-0.8621185325573197,0.761228361784164,-0.08462069942192216
-0.15248593787989428,-0.7137520100190154,1.037007805003794,-0.21620523446967865,-0.8543495834275018,-0.6864514752980195,-0.14550663520840415,-0.394200824174565,-0.113155246375047,-0.36136337526327356,1.3726605284502231,2.0486418019848434,-0.375952201555552,-0.7308850968164303,0.761228361784164,-0.8134348158303849
-0.15248593787989428,2.313823945270967,0.8302508314995306,-0.21620523446967865,-0.6051883285067747,-0.6529982632249425,-0.14550663520840415,-0.394200824174565,-0.113155246375047,-0.36136337526327356,0.32012773223567864,-0.07075601025192466,-0.22120944456169214,-0.5340349432050961,0.761228361784164,-1.5142176200692914
-0.15248593787989428,1.9794171336413042,0.0032229374824768553,-0.21620523446967865,-0.8193795827368734,-0.7448425363710269,-0.14550663520840415,-0.394200824174565,-0.113155246375047,-0.2544214055440638,-0.5271611687170296,1.2334887972783941,0.3977615834137472,-0.7965018146868751,0.761228361784164,-0.8134348158303849
-0.15248593787989428,2.074961936964065,0.17305902286097896,-0.21620523446967865,-0.7494395813556167,-0.742409575492985,-0.14550663520840415,-0.394200824174565,-0.113155246375047,-0.2544214055440638,-0.5324238326981022,1.5595499991609738,0.08827606942602752,-0.8621185325573197,0.761228361784164,-0.08462069942192216
-0.14221169214766122,-0.8776113477175502,-2.0864993304356143,-0.1121550105402072,-0.1855483202192345,0.1322398601631047,-0.12929086209991333,-0.35544658637962556,-0.113155246375047,-0.2544214055440638,-0.5008478488116659,0.7443969944545246,-1.7686370145002903,-0.9277352504277645,0.761228361784164,-0.08462069942192216
-0.13660755811189773,-0.25633126411129814,0.8745558972504441,-0.06485945420862926,2.494027982700163,1.1601658311358387,-0.08604880047727116,-0.394200824174565,-0.113155246375047,-0.2544214055440638,-0.5113731767738113,0.5813663935132347,-0.5306949585494117,-0.8621185325573197,0.761228361784164,-0.8078285533964735
-0.14127766980836728,0.8806518954295552,1.118233758880469,-0.1783687894044163,0.7630129485140597,1.8474772791826966,-0.1184803466942528,-0.394200824174565,-0.113155246375047,-0.2544214055440638,-0.41664522511450236,0.9074275953958144,0.3977615834137472,-0.14033463598242768,0.761228361784164,-1.5142176200692914
-0.14127766980836728,-0.41517449963538794,1.31760655475958,-0.1121550105402072,2.760674237966204,5.728049879659644,-0.059022511963119806,-0.3321940437026619,-0.113155246375047,-0.2544214055440638,-0.43243321705772053,0.4183357925719449,0.3977615834137472,-0.4028015074642066,0.761228361784164,-1.5142176200692914
0.013770038514422588,-0.4486151807983542,-1.5031492980485852,1.145906787879766,1.8951667208731526,0.3512063391868824,-0.12929086209991333,-0.31669234858468615,-0.113155246375047,-0.36136337526327356,-0.16930001800408445,0.4183357925719449,0.7072470974014669,-0.27156807172331715,0.7487850318864655,-0.08462069942192216
-0.14314571448695512,0.486529581723167,0.5496520817437445,-0.19728701193704748,0.7193004476507742,-0.3300227066648704,-0.11307508899142252,-0.394200824174565,-0.10820754069866569,-0.36136337526327356,-0.16930001800408445,0.4183357925719449,-3.6255500984266082,0.4502158248515749,0.742563366937616,-0.08462069942192216
-0.1487498485227186,-0.33276710676950677,-0.742579002657902,-0.1783687894044163,1.5673229643985118,-0.1475506408117223,-0.12388560439708307,-0.37094828149760134,-0.10820754069866569,-0.36136337526327356,-0.16930001800408445,0.4183357925719449,0.3977615834137472,0.7126826963333539,0.742563366937616,-0.08462069942192216
-0.15248593787989428,0.8457780422167476,-0.3586017661499841,-0.21620523446967865,-0.8150083326505448,-0.646307620810327,-0.14550663520840415,-0.394200824174565,-0.10820754069866569,-0.36136337526327356,-0.2850786255876843,0.0922745906893652,1.0167326113891864,-0.5996516610755408,0.742563366937616,-1.5142176200692914
-0.14407973682624903,-0.865668247302205,-1.3628499231706923,0.11486365985136689,0.12481043591009214,-0.04414980349493841,0.13556676533876996,-0.26243641567177095,-0.113155246375047,-0.36136337526327356,-0.41664522511450236,0.5813663935132347,-0.5306949585494117,-0.7965018146868751,0.6554600576537247,-0.8134348158303849
-0.13660755811189773,-0.4617525912552338,-0.853341667035186,0.058108992253473365,-0.5483620773845037,1.6650052133295483,-0.12929086209991333,-0.35544658637962556,-0.113155246375047,-0.2544214055440638,-0.6166264563952658,1.0704581963371043,0.08827606942602752,-0.9277352504277645,0.6430167277560258,-0.08462069942192216
-0.13940962512977947,-0.6504535778176864,1.4579059296374732,0.5216054443029371,0.5837916949745893,0.10182784918758003,0.032866868984994815,13.94486715995302,-0.113155246375047,-0.36136337526327356,2.2304747573650765,-0.3968172121345043,-1.6138942575064306,0.7126826963333539,0.4688101091882433,-1.50861135763538
0.2939767403025971,0.1951179315887466,1.258533133758362,-0.017563897877051326,-0.8062658324778879,-0.8269549660049436,-0.14550663520840415,-0.3631974339386134,-0.113155246375047,-0.36136337526327356,-0.16930001800408445,-0.3968172121345043,-1.6138942575064306,0.7126826963333539,0.3070468205181593,0.5040368561387593
-0.13940962512977947,-0.8733118315680259,1.6941996136423456,-0.1121550105402072,1.9039092210458097,6.092994011365941,-0.07523828507161062,-0.35544658637962556,-0.11068139353685634,-0.36136337526327356,-0.3692812492848479,0.5813663935132347,-1.3044087435187108,0.31898238911068544,0.1266185370015273,-1.5366426698049362
-0.14034364746907338,0.5343019833845474,-0.31429670039907054,-0.21620523446967865,0.308402939535891,-0.47113443759130486,-0.14550663520840415,-0.394200824174565,-0.113155246375047,-0.36136337526327356,-0.16930001800408445,0.5813663935132347,-0.9949232295309912,0.6470659784629091,0.03951522771763585,0.9637503757194821
-0.14034364746907338,-0.13690025995784716,0.8893242525007488,-0.19728701193704748,-0.010698316766092739,-0.5021546887863401,-0.14550663520840415,-0.394200824174565,-0.113155246375047,-0.36136337526327356,-0.6324144483384839,0.5813663935132347,0.552504340407607,-0.7965018146868751,0.03951522771763585,-0.7685847163590949
-0.14034364746907338,-0.9009003935274731,0.9631660287522713,-0.18782790067073188,-0.8980620842907873,-0.6286686544445227,-0.14550663520840415,0.22586698054446572,-0.113155246375047,-0.36136337526327356,0.846394130342951,-1.0489396158996638,0.08827606942602752,0.187748953369796,0.03951522771763585,0.9637503757194821
-0.14034364746907338,-0.5250510234565628,-2.3154088368153345,-0.18782790067073188,-0.08063831814734945,-0.24486907593340126,-0.14550663520840415,-0.394200824174565,-0.113155246375047,-0.3399749813194316,-0.13246137013657538,1.2334887972783941,-0.0664666875678323,-0.8621185325573197,0.03951522771763585,-0.7741909787930061
-0.14034364746907338,-0.8977951874194834,0.5422679041185923,-0.12161412180652278,-0.5133920766938753,1.0081057762582153,-0.06442776966595008,0.15610935251357477,-0.113155246375047,-0.36136337526327356,-0.16930001800408445,-1.2119702168409536,0.7072470974014669,1.7625501822604697,0.03951522771763585,0.9637503757194821
-0.13940962512977947,-0.7949650928433621,0.23951662148734934,-0.1783687894044163,-0.727583330923974,-0.3421875110550802,-0.12929086209991333,0.3808839317242234,-0.113155246375047,-0.36136337526327356,-0.16930001800408445,-0.8859090149583739,1.0167326113891864,0.8439161320742433,0.03951522771763585,0.9637503757194821
-0.13940962512977947,2.2899377444402766,0.6234938579952671,-0.21620523446967865,-0.9242895848087584,-0.781945189761167,-0.14550663520840415,-0.394200824174565,-0.113155246375047,-0.2544214055440638,-0.16930001800408445,0.7443969944545246,-0.0664666875678323,-0.5996516610755408,0.03951522771763585,-1.5142176200692914
-0.13940962512977947,-0.8825080188878417,0.5422679041185923,-0.19728701193704748,-0.9548883354130583,-0.6311016153225647,-0.14550663520840415,-0.05316353157909809,-0.113155246375047,-0.36136337526327356,0.5516849474028784,-1.0489396158996638,-0.0664666875678323,1.1063830035560223,0.03951522771763585,0.9637503757194821
-0.13940962512977947,-0.9050804786728439,-0.22568656889724337,-0.19728701193704748,-0.8893195841181302,-0.6998327601272505,-0.12929086209991333,0.17161104763155052,-0.113155246375047,-0.36136337526327356,1.0042740497751326,-1.2119702168409536,0.3977615834137472,0.6470659784629091,0.03951522771763585,0.9637503757194821
-0.13940962512977947,-0.8982729114360972,0.5274995488682876,-0.19728701193704748,-0.8893195841181302,-0.7089563634199079,-0.14550663520840415,0.07085002936470805,-0.113155246375047,-0.36136337526327356,0.8569194583050964,-1.0489396158996638,0.552504340407607,0.4502158248515749,0.03951522771763585,0.9637503757194821
-0.13940962512977947,-0.6134299665301166,-2.7584594943244705,-0.18782790067073188,-0.36476957375870483,-0.5763599955666202,-0.14550663520840415,-0.394200824174565,-0.113155246375047,-0.36136337526327356,-0.5482118246413205,1.396519398219684,0.08827606942602752,-0.9277352504277645,0.03951522771763585,0.021898286822391543
-0.1478158261834247,0.012388495233966587,0.1656748452358267,-0.1689096781381007,2.0569029740673086,0.3816183501624071,-0.1184803466942528,-0.394200824174565,-0.11068139353685634,-0.36136337526327356,-0.16930001800408445,1.396519398219684,0.08827606942602752,1.3032331571673565,0.033293562768786596,0.969356638153393
-0.14594778150483687,-0.20019869215917618,-2.0864993304356143,-0.18782790067073188,0.35648669048550496,-0.5459479845910956,-0.11307508899142252,-0.394200824174565,-0.11068139353685634,-0.36136337526327356,-0.16930001800408445,-1.0489396158996638,0.3977615834137472,0.187748953369796,0.033293562768786596,0.969356638153393
-0.13847560279048554,1.2508880083052534,0.38720017399039464,-0.1783687894044163,0.12043918582376359,-0.6402252186152221,-0.07523828507161062,-0.37094828149760134,-0.11068139353685634,-0.36136337526327356,-0.16930001800408445,-0.8859090149583739,-0.22120944456169214,0.9751495678151328,0.033293562768786596,0.969356638153393
0.05953713313982442,0.2580580707776153,-0.7713772953959958,-0.1121550105402072,-0.5090208266075468,0.766026168893039,-0.10226457358576198,-0.19267878764088,-0.113155246375047,-0.3399749813194316,0.6411502350811147,-0.07075601025192466,-0.22120944456169214,0.25336567124024073,0.033293562768786596,0.969356638153393
-0.04600739120038797,0.001639704860155998,1.6572787255165844,-0.19728701193704748,0.08546918513313523,-0.2631162825187161,-0.14550663520840415,-0.394200824174565,-0.113155246375047,-0.36136337526327356,-0.16930001800408445,-0.07075601025192466,0.08827606942602752,0.5814492605924644,-0.19068637538979122,0.9805691630212157
-0.05534761459332712,-0.9152321140258872,0.15829066761067442,-0.1689096781381007,-0.8674633336864874,-0.6712454698102572,-0.053617254260289536,1.729531406988115,-0.113155246375047,-0.36136337526327356,-0.16930001800408445,-1.0489396158996638,-0.0664666875678323,0.5158325427220196,-0.22179470013403813,0.9805691630212157
-0.06748990500414802,-0.8665042643312793,-0.25522327939785244,-0.15945056687178513,-0.6926133302333457,0.10791025138268497,-0.10226457358576198,0.9079415657353995,-0.113155246375047,-0.36136337526327356,4.619724204772092,-1.0489396158996638,-3.6255500984266082,0.9751495678151328,-0.2591246898271345,0.9805691630212157
-0.06748990500414802,2.0033033344719944,0.12875395711006538,-0.1689096781381007,-0.9068045844634444,-0.7679556647124257,-0.14550663520840415,-0.34769573882063765,-0.113155246375047,-0.3399749813194316,2.54623459622944,0.4183357925719449,-1.9233797714941503,-0.4684182253346514,-0.2591246898271345,-1.5142176200692914
-0.06935794968273584,-0.9121269079178975,0.7490248776228556,-0.19728701193704748,-0.8237508328232019,-0.7180799667125652,-0.14550663520840415,-0.05316353157909809,-0.113155246375047,-0.36136337526327356,-0.16930001800408445,-1.0489396158996638,0.24301882641988734,1.3688498750378013,-0.27156801972483324,-1.5142176200692914
-0.07029197202202976,0.41487097923109645,0.36504764111493787,-0.18782790067073188,1.2744492086144992,0.58233762260087,-0.14550663520840415,-0.394200824174565,-0.113155246375047,-0.36136337526327356,-0.16930001800408445,-1.0489396158996638,0.7072470974014669,2.6155675145762514,-0.2777896846736825,0.9805691630212157
-0.07869817307567499,-0.8550388879325479,0.49796283836767863,-0.15945056687178513,-0.8456070832548447,-0.7746463071270412,-0.06983302736878035,3.737000924765977,-0.113155246375047,-0.36136337526327356,-0.16930001800408445,-1.0489396158996638,-0.0664666875678323,1.2376164392969118,-0.3897796537529714,0.9805691630212157
-0.07963219541496891,-0.8995866524817852,0.5939571474946581,-0.18782790067073188,-0.46530832574426134,-0.48086628110347274,-0.12388560439708307,0.543651730462969,-0.113155246375047,-0.36136337526327356,0.5358969554596602,-1.0489396158996638,0.552504340407607,-0.3371847895937619,-0.40844464859951957,0.9805691630212157
-0.08430230711143848,-0.8033252631341037,0.16914540871964825,-0.12161412180652278,0.06361293470149251,0.2544961442847139,-0.1401013775055739,-0.3786991290565892,-0.113155246375047,-0.3399749813194316,-0.6429397763006294,1.396519398219684,1.1714753683830463,-0.7965018146868751,-0.5328779475765072,0.9805691630212157
-0.08617035179002631,-0.8938539642824195,-0.11492390451995939,-0.14053234433915396,-0.4609370756579328,0.5884200247959749,-0.10766983128859225,1.597766998485321,-0.113155246375047,-0.36136337526327356,-0.16930001800408445,-2.842276226253852,0.552504340407607,1.3688498750378013,-0.5888729321161515,0.9805691630212157
-0.08710437412932023,-0.8903904651619694,-0.5579745620290953,-0.20674612320336305,-0.9898583361036867,0.041003827236530684,-0.10766983128859225,0.5126483402270174,-0.113155246375047,-0.36136337526327356,10.882294342248631,-0.3968172121345043,-0.0664666875678323,3.0092678217989195,-0.6137595919115492,0.9805691630212157
-0.09551057518296546,-0.8821497258753813,0.08444889135915178,-0.1783687894044163,-0.6139308286794318,-0.47052619737179435,-0.12929086209991333,0.5126483402270174,-0.113155246375047,-0.36136337526327356,-0.16930001800408445,-1.0489396158996638,-0.0664666875678323,-0.07471791811198296,-0.756857885735085,0.9805691630212157
-0.09551057518296546,-0.7352495907666367,0.36504764111493787,-0.1783687894044163,-0.6139308286794318,-0.6639465871761313,-0.14550663520840415,0.008843248892804977,-0.113155246375047,-0.36136337526327356,0.2832890843681697,-0.8859090149583739,0.3977615834137472,-0.3371847895937619,-0.756857885735085,0.9805691630212157
-0.09737861986155329,-0.864593368264824,-2.0348100870595482,-0.07431856547494485,1.4798979626719408,2.7111783908875973,-0.1184803466942528,-0.35544658637962556,-0.113155246375047,-0.2544214055440638,-0.6166264563952658,1.0704581963371043,0.08827606942602752,-0.7965018146868751,-0.7630795506839343,-0.8134348158303849
-0.09737861986155329,-0.7077804598113429,1.08869704837986,-0.18782790067073188,-0.7450683312692882,-0.5952154423714455,-0.12929086209991333,0.45064155975511433,-0.113155246375047,-0.36136337526327356,0.39906769195176955,-1.0489396158996638,-0.9949232295309912,-0.20595135385287242,-0.7630795506839343,0.9805691630212157
-0.09737861986155329,-0.7651073418049994,0.17305902286097896,-0.18782790067073188,-0.6489008293700602,-0.5575045487617949,-0.14550663520840415,0.3576313890472597,-0.113155246375047,-0.36136337526327356,-0.16930001800408445,-1.2119702168409536,0.24301882641988734,0.25336567124024073,-0.7630795506839343,0.9805691630212157
-0.0983126422008472,-0.8276891879814077,0.5939571474946581,-0.18782790067073188,-0.7669245817009309,-0.39084672861591974,-0.1346961198027436,0.272372065898393,-0.113155246375047,-0.36136337526327356,0.3569663801031877,-0.8859090149583739,0.3977615834137472,0.7782994142037986,-0.7693012156327838,0.9805691630212157
-0.0983126422008472,-0.9135600799677389,-1.251791891688402,-0.1783687894044163,-0.7363258310966311,-0.6365757772981591,-0.12388560439708307,0.44289071219612647,-0.113155246375047,-0.36136337526327356,0.6148369151757512,-0.8859090149583739,2.254674667340065,-0.009101200241538217,-0.7693012156327838,0.9805691630212157
-0.09924666454014112,-0.6397047874438758,0.45365777261676504,-0.1783687894044163,-0.6139308286794318,-0.46018611364011597,-0.12388560439708307,0.7451737669966539,-0.113155246375047,-0.36136337526327356,0.862182122286169,-0.8859090149583739,-0.0664666875678323,-0.14033463598242768,-0.7755228805816331,0.9805691630212157
-0.10018068687943503,1.5864891299764505,0.8893242525007488,-0.1783687894044163,-0.8412358331685161,-0.7618732625173208,-0.10226457358576198,2.938663626190225,-0.113155246375047,-0.36136337526327356,-0.16930001800408445,-0.8859090149583739,-0.8401804725371315,1.3032331571673565,-0.7755228805816331,0.9805691630212157
-0.10204873155802287,-0.8964814463737955,-0.048466305893589,-0.19728701193704748,-0.07189581797469236,-0.050232205690043344,-0.14550663520840415,-0.27793811078974673,-0.113155246375047,-0.36136337526327356,-0.16930001800408445,-0.8859090149583739,0.24301882641988734,0.187748953369796,-0.7817445455304824,0.9805691630212157
-0.10204873155802287,-0.9041250306396164,0.5127311936179831,-0.18782790067073188,-0.5527333274708323,-0.5489891856886481,-0.14550663520840415,0.5901568158168963,-0.113155246375047,-0.36136337526327356,0.8148181464565145,-0.8859090149583739,-0.22120944456169214,0.12213223549935126,-0.7817445455304824,0.9805691630212157
-0.10204873155802287,-0.90113925553578,-0.2626074570230047,-0.1783687894044163,-0.6532720794563888,-0.5167524540545919,-0.12388560439708307,0.5824059682579084,-0.113155246375047,-0.36136337526327356,0.8569194583050964,-0.8859090149583739,0.24301882641988734,0.05651551762890652,-0.7817445455304824,0.9805691630212157
-0.10204873155802287,-0.90113925553578,-0.2626074570230047,-0.1783687894044163,-0.6532720794563888,-0.5167524540545919,-0.12388560439708307,0.5824059682579084,-0.113155246375047,-0.36136337526327356,-0.16930001800408445,-0.8859090149583739,0.24301882641988734,0.05651551762890652,-0.7817445455304824,0.9805691630212157
-0.10391677623661069,-0.7304723506004985,0.6382622132455716,-0.18782790067073188,-0.6620145796290459,-0.45532019188403206,-0.1184803466942528,0.2413686756624415,-0.113155246375047,-0.36136337526327356,-0.16930001800408445,-1.3750008177822435,0.7072470974014669,2.2874839252240275,-0.7817445455304824,0.9805691630212157
-0.10391677623661069,-0.8576663700239239,1.7458888570184115,-0.008104786610735739,-0.1549495696149347,0.047086229431635616,-0.1184803466942528,0.001092401333817094,-0.113155246375047,-0.36136337526327356,-0.16930001800408445,0.25530519163065507,-1.7686370145002903,-0.7308850968164303,-0.7817445455304824,0.9805691630212157
-0.10391677623661069,-0.8962425843654885,-0.6170479830303135,-0.18782790067073188,-0.48279332608957554,-0.5648034313959208,-0.12388560439708307,0.07085002936470805,-0.113155246375047,-0.36136337526327356,-0.16930001800408445,-1.2119702168409536,0.8619898543953266,0.31898238911068544,-0.7817445455304824,0.9805691630212157
-0.10391677623661069,-0.7495813112650507,0.7933299433737693,-0.18782790067073188,-0.6489008293700602,-0.6092049674201869,-0.14550663520840415,0.1328568098366111,-0.113155246375047,-0.36136337526327356,-0.16930001800408445,-1.0489396158996638,-0.5306949585494117,-0.3371847895937619,-0.7817445455304824,0.9805691630212157
-0.10485079857590461,-0.8942122572948799,0.010607115107629121,-0.19728701193704748,-0.8106370825642163,-0.8141819213952232,-0.14550663520840415,1.2877330961258056,-0.113155246375047,-0.36136337526327356,0.7674541706268599,-1.3750008177822435,-1.4591515005125708,1.1063830035560223,-0.7879662104793318,0.9805691630212157
-0.10578482091519853,-0.9102160118514423,0.5570362593688968,-0.1783687894044163,-0.7363258310966311,-0.5623704705178789,-0.12388560439708307,0.41963816951916283,-0.113155246375047,-0.36136337526327356,-0.16930001800408445,-1.0489396158996638,0.08827606942602752,0.25336567124024073,-0.7879662104793318,0.9805691630212157
-0.10671884325449243,-0.892659654240885,0.5127311936179831,-0.1783687894044163,-0.6620145796290459,-0.39692913081102466,-0.12929086209991333,0.47389410243207797,-0.113155246375047,-0.36136337526327356,1.3726605284502231,-0.8859090149583739,0.3977615834137472,0.25336567124024073,-0.7879662104793318,0.9805691630212157
-0.10671884325449243,-0.8871658280498262,-0.5062853186530295,-0.19728701193704748,-0.7887808321325737,-0.5915660010543826,-0.12929086209991333,0.26462121833940516,-0.113155246375047,-0.36136337526327356,-0.16930001800408445,-0.2337866111932145,0.552504340407607,0.25336567124024073,-0.7879662104793318,0.9805691630212157
-0.10765286559378635,-0.9054387716853043,0.8007141209989215,-0.18782790067073188,-0.5527333274708323,-0.4674849962742419,-0.12929086209991333,0.20261443786750208,-0.113155246375047,-0.36136337526327356,-0.16930001800408445,-1.2119702168409536,-0.5306949585494117,-0.07471791811198296,-0.7879662104793318,0.9805691630212157
-0.10765286559378635,-0.77585613217881,0.8302508314995306,-0.1783687894044163,-0.5002783264348897,-0.40909393520123455,-0.12929086209991333,0.21811613298547783,-0.113155246375047,-0.36136337526327356,2.1199588137625494,-1.3750008177822435,0.24301882641988734,-0.009101200241538217,-0.7879662104793318,0.9805691630212157
-0.10765286559378635,-0.9262197664080047,-1.9614852032417864,-0.18782790067073188,-0.8849483340318016,-0.6140708891762708,-0.12388560439708307,0.7219212243196903,-0.113155246375047,-0.36136337526327356,0.6516755630432601,-1.3750008177822435,0.7072470974014669,0.6470659784629091,-0.7879662104793318,0.9805691630212157
-0.10765286559378635,-0.9046027546562301,0.675183101371333,-0.19728701193704748,-0.7712958317872595,-0.6274521740055017,-0.14550663520840415,0.47389410243207797,-0.113155246375047,-0.36136337526327356,0.9042834341347508,-0.8859090149583739,0.08827606942602752,-0.009101200241538217,-0.7879662104793318,0.9805691630212157
-0.10765286559378635,-0.9001838075025524,0.7194881671222466,-0.18782790067073188,-0.7975233323052308,-0.6280604142250122,-0.1184803466942528,0.6289110536118356,-0.113155246375047,-0.36136337526327356,1.5252777839013318,-1.2119702168409536,0.24301882641988734,-0.20595135385287242,-0.7879662104793318,0.9805691630212157
-0.10858688793308027,-0.8869269660415193,0.04014382560823818,-0.1783687894044163,-0.7188408307513169,-0.6456993805908166,-0.14550663520840415,0.0475974866877444,-0.113155246375047,-0.36136337526327356,-0.16930001800408445,-1.0489396158996638,0.08827606942602752,0.25336567124024073,-0.7879662104793318,0.9805691630212157
-0.10858688793308027,-0.8909876201827367,-0.23307074652239565,-0.19728701193704748,-0.6576433295427173,-0.43585650485969624,-0.1184803466942528,0.17161104763155052,-0.113155246375047,-0.36136337526327356,-0.16930001800408445,-0.07075601025192466,0.552504340407607,-0.07471791811198296,-0.7879662104793318,0.9805691630212157
-0.10952091027237419,-0.8881212760830539,-0.550590384403943,-0.18782790067073188,-0.4871645761759041,-0.5204018953716548,-0.12388560439708307,0.024344944010780745,-0.113155246375047,-0.36136337526327356,-0.16930001800408445,-0.5598478130757942,0.8619898543953266,-0.20595135385287242,-0.7879662104793318,0.9805691630212157
-0.10952091027237419,-0.9075885297600664,-0.0706188387690458,-0.19728701193704748,-0.7494395813556167,-0.5763599955666202,-0.12929086209991333,0.5514025780219568,-0.113155246375047,-0.36136337526327356,0.5674729393460965,-1.2119702168409536,0.8619898543953266,0.05651551762890652,-0.7879662104793318,0.9805691630212157
-0.11325699962954984,-0.6265673769869962,1.2437647785080574,-0.20674612320336305,-0.9330320849814155,-0.6219780120299072,-0.14550663520840415,0.03984663912875651,-0.113155246375047,-0.36136337526327356,1.0832140094912233,-1.3750008177822435,1.0167326113891864,1.3688498750378013,-0.7879662104793318,0.9805691630212157
-0.11512504430813768,-0.9029307205980818,0.6382622132455716,-0.1783687894044163,-0.6663858297153744,-0.3482699132501852,-0.12929086209991333,0.4273890170781507,-0.113155246375047,-0.36136337526327356,-0.16930001800408445,-1.0489396158996638,0.552504340407607,0.31898238911068544,-0.7879662104793318,0.9805691630212157
-0.11512504430813768,-0.8736701245804863,1.177307179881687,-0.18782790067073188,-0.6270445789384175,0.30862952382114783,-0.14550663520840415,0.1793618951905384,-0.113155246375047,-0.36136337526327356,1.0095367137562052,-0.8859090149583739,0.24301882641988734,0.12213223549935126,-0.7879662104793318,0.9805691630212157
-0.1160590666474316,-0.712557699977481,0.7564090552480079,-0.18782790067073188,-0.7406970811829596,-0.5909577608348721,-0.12388560439708307,0.34988054148827186,-0.113155246375047,-0.36136337526327356,0.6832515469296965,-1.3750008177822435,0.3977615834137472,0.7126826963333539,-0.7879662104793318,0.9805691630212157
-0.1160590666474316,-0.8081025033002417,0.23213244386219709,-0.1783687894044163,-0.7188408307513169,-0.5343914204203962,-0.1184803466942528,0.24911952322142936,-0.113155246375047,-0.36136337526327356,-0.16930001800408445,-1.0489396158996638,0.3977615834137472,2.746800950317141,-0.7879662104793318,0.9805691630212157
-0.1169930889867255,-0.8796416747881588,0.6087255027449626,-0.1783687894044163,-0.49153582626223263,1.1540834289407338,-0.12929086209991333,0.6599144438477872,-0.113155246375047,-0.36136337526327356,1.562116431768841,-1.0489396158996638,0.08827606942602752,0.05651551762890652,-0.7879662104793318,0.9805691630212157
-0.1169930889867255,-0.9118880459095906,0.9705502063774236,-0.19728701193704748,-0.8281220829095305,-0.8105324800781603,-0.14550663520840415,0.7684263096736176,-0.113155246375047,-0.36136337526327356,-0.16930001800408445,-0.8859090149583739,-0.0664666875678323,0.3845991069811302,-0.7879662104793318,0.9805691630212157
-0.11792711132601942,-0.9079468227725267,0.1656748452358267,-0.18782790067073188,-0.871834583772816,-0.39692913081102466,-0.10226457358576198,0.001092401333817094,-0.113155246375047,-0.36136337526327356,-0.16930001800408445,-1.2119702168409536,0.8619898543953266,0.8439161320742433,-0.7879662104793318,0.9805691630212157
-0.11792711132601942,-0.9012586865399335,0.032759647983085914,-0.18782790067073188,-0.8543495834275018,-0.6980080394687189,-0.1346961198027436,0.21036528542648994,-0.113155246375047,-0.36136337526327356,-0.16930001800408445,-1.0489396158996638,0.3977615834137472,-0.07471791811198296,-0.7879662104793318,0.9805691630212157
-0.11792711132601942,-0.8758198826552485,0.07706471373399951,-0.19728701193704748,-0.7144695806649883,-0.2996106956893457,-0.14550663520840415,0.08635172448268381,-0.113155246375047,-0.36136337526327356,-0.16930001800408445,-1.0489396158996638,1.0167326113891864,0.5158325427220196,-0.7879662104793318,0.9805691630212157
-0.11886113366531334,-0.9051999096769974,0.46842612786706955,-0.1783687894044163,-0.7887808321325737,-0.55142214656669,-0.12388560439708307,0.8226822425865328,-0.113155246375047,-0.36136337526327356,-0.16930001800408445,-1.0489396158996638,0.552504340407607,-0.009101200241538217,-0.7879662104793318,0.9805691630212157
-0.11979515600460725,-0.8823885878836882,0.4167368844910037,-0.18782790067073188,-0.8237508328232019,-0.690709156834593,-0.14550663520840415,-0.05316353157909809,-0.113155246375047,-0.36136337526327356,0.6674635549864782,-0.8859090149583739,0.24301882641988734,-0.20595135385287242,-0.7879662104793318,0.9805691630212157
-0.11979515600460725,-0.8986312044485576,-0.5875112725297044,-0.18782790067073188,-0.6139308286794318,-0.6256274533469702,-0.12388560439708307,0.21811613298547783,-0.113155246375047,-0.36136337526327356,-0.16930001800408445,-0.7228784140170841,1.0167326113891864,-0.20595135385287242,-0.7879662104793318,0.9805691630212157
-0.11979515600460725,-0.9069913747392991,1.0148552721283373,-0.18782790067073188,-0.7013558304060027,-0.5575045487617949,-0.14550663520840415,0.31112630369333244,-0.113155246375047,-0.36136337526327356,0.7516661786836418,-1.3750008177822435,-0.5306949585494117,-0.27156807172331715,-0.7879662104793318,0.9805691630212157
-0.11979515600460725,-0.8945705503073402,0.24690079911250162,-0.1783687894044163,-0.7144695806649883,-0.6663795480541733,-0.0968593158829317,0.34988054148827186,-0.113155246375047,-0.36136337526327356,1.014799377737278,-0.8859090149583739,0.7072470974014669,-0.5340349432050961,-0.7879662104793318,0.9805691630212157
-0.14968387086201254,-0.7579414815557923,-2.522165810319598,0.13378188238399805,-0.49153582626223263,-0.8293879268829856,0.3247507849378295,-0.1461737022869527,-0.113155246375047,-0.36136337526327356,-0.16930001800408445,1.0704581963371043,0.24301882641988734,-0.9277352504277645,-0.7879662104793318,-0.006133025347164716
-0.12072917834390116,-0.07479613779805264,0.26166915436280613,-0.18782790067073188,0.6187616956652177,-0.0015729881292038627,-0.14550663520840415,-0.394200824174565,-0.113155246375047,-0.36136337526327356,-0.16930001800408445,1.0704581963371043,3.3378739662970838,0.5814492605924644,-0.7879662104793318,0.9805691630212157
-0.12072917834390116,-0.8876435520664401,-0.32168087802422285,-0.19728701193704748,-0.727583330923974,-0.5964319228104665,-0.12388560439708307,-0.10741946449201327,-0.113155246375047,-0.36136337526327356,-0.16930001800408445,-1.0489396158996638,-0.22120944456169214,0.05651551762890652,-0.7879662104793318,0.9805691630212157
-0.12166320068319508,-0.897436894407023,-0.2626074570230047,-0.1783687894044163,-0.6576433295427173,-0.5745352749080888,-0.14550663520840415,0.31112630369333244,-0.113155246375047,-0.36136337526327356,-0.16930001800408445,-0.8859090149583739,0.3977615834137472,-0.5340349432050961,-0.7879662104793318,0.9805691630212157
-0.12166320068319508,-0.6958373593959978,0.07706471373399951,-0.19728701193704748,-0.8106370825642163,-0.7278118102247332,-0.14550663520840415,1.0319551266792055,-0.113155246375047,-0.36136337526327356,0.8674447862672419,-1.3750008177822435,-0.6854377155432716,2.0250170537422485,-0.7879662104793318,0.9805691630212157
-0.12259722302248899,-0.08076768800572519,1.369295798135646,-0.1783687894044163,1.8689392203551813,2.89973285893585,-0.1184803466942528,-0.394200824174565,-0.113155246375047,-0.36136337526327356,-0.16930001800408445,-0.8859090149583739,-0.0664666875678323,3.0748845396693643,-0.7879662104793318,0.9805691630212157
-0.12446526770107683,-0.778244752261879,0.15090648998552217,-0.18782790067073188,-0.8456070832548447,-0.6335345762006066,-0.12929086209991333,0.4661432548730901,-0.113155246375047,-0.36136337526327356,-0.16930001800408445,-1.0489396158996638,-0.8401804725371315,-0.07471791811198296,-0.7879662104793318,0.9805691630212157
-0.12446526770107683,-0.8991089284651713,0.5718046146192013,-0.1783687894044163,-0.583332078075132,-0.46383555495717893,-0.12929086209991333,0.24911952322142936,-0.113155246375047,-0.36136337526327356,-0.16930001800408445,-1.0489396158996638,0.7072470974014669,0.12213223549935126,-0.7879662104793318,0.9805691630212157
-0.12446526770107683,-0.8986312044485576,0.6677989237461808,-0.18782790067073188,-0.8062658324778879,-0.6560394643224949,-0.12929086209991333,0.140607657395599,-0.113155246375047,-0.36136337526327356,-0.16930001800408445,-1.0489396158996638,0.552504340407607,-0.20595135385287242,-0.7879662104793318,0.9805691630212157
-0.12446526770107683,-0.8737895555846398,-0.9197992656615563,-0.19728701193704748,-0.8412358331685161,-0.603122565225082,-0.14550663520840415,0.14835850495458688,-0.113155246375047,-0.36136337526327356,-0.16930001800408445,-0.07075601025192466,1.0167326113891864,0.5814492605924644,-0.7879662104793318,0.9805691630212157
-0.12446526770107683,-0.8790445197673916,-0.42505936477635453,-0.19728701193704748,-0.8587208335138303,-0.7563991005417263,-0.14550663520840415,0.21811613298547783,-0.113155246375047,-0.36136337526327356,-0.16930001800408445,-0.2337866111932145,1.0167326113891864,0.187748953369796,-0.7879662104793318,0.9805691630212157
-0.12539929004037073,-0.8813137088463072,0.3724318187400901,-0.15945056687178513,-0.6751283298880315,-0.5575045487617949,-0.07523828507161062,1.6985280167521635,-0.113155246375047,-0.36136337526327356,0.7937674905322236,-0.8859090149583739,-0.0664666875678323,0.25336567124024073,-0.7879662104793318,0.9805691630212157
-0.12539929004037073,-0.9016169795523938,-0.25522327939785244,-0.18782790067073188,-0.6270445789384175,-0.6542147436639634,-0.14550663520840415,0.29562460857535666,-0.113155246375047,-0.36136337526327356,0.13593449289813345,-0.8859090149583739,0.552504340407607,-0.14033463598242768,-0.7879662104793318,0.9805691630212157
-0.12539929004037073,-0.9029307205980818,0.062296358483694976,-0.19728701193704748,-0.7188408307513169,-0.5824423977617251,-0.12388560439708307,0.21036528542648994,-0.113155246375047,-0.36136337526327356,-0.16930001800408445,-1.0489396158996638,1.0167326113891864,1.7625501822604697,-0.7879662104793318,0.9805691630212157
-0.12539929004037073,-0.8874046900581332,0.3576634634897856,-0.19728701193704748,-0.8106370825642163,-0.6773278720053622,-0.12929086209991333,0.49714664510904166,-0.113155246375047,-0.36136337526327356,-0.16930001800408445,-1.0489396158996638,1.0167326113891864,0.7126826963333539,-0.7879662104793318,0.9805691630212157
-0.12633331237966466,-0.9001838075025524,0.19521155573643575,-0.1689096781381007,-0.35602707358604774,-0.5447315041520746,-0.12929086209991333,0.001092401333817094,-0.113155246375047,-0.36136337526327356,-0.16930001800408445,-1.0489396158996638,0.8619898543953266,0.9751495678151328,-0.7879662104793318,0.9805691630212157
-0.12726733471895857,-0.8762976066718622,0.9262451406265101,-0.1121550105402072,-0.2511170715141627,-0.6639465871761313,-0.12388560439708307,-0.30894150102569823,-0.113155246375047,-0.36136337526327356,-0.5008478488116659,1.396519398219684,-1.149665986524851,-0.8621185325573197,-0.7879662104793318,-0.08462069942192216
-0.12726733471895857,-0.9053193406811508,0.38720017399039464,-0.18782790067073188,-0.7538108314419453,-0.5824423977617251,-0.14550663520840415,0.5514025780219568,-0.113155246375047,-0.36136337526327356,0.7937674905322236,-0.8859090149583739,0.24301882641988734,-0.3371847895937619,-0.7879662104793318,0.9805691630212157
-0.12820135705825247,-0.4044257092615774,1.561284416389605,-0.14999145560546953,-0.6532720794563888,-0.5465562248106061,-0.11307508899142252,1.9465551386397757,-0.113155246375047,-0.36136337526327356,0.6200995791568238,-0.8859090149583739,0.552504340407607,0.4502158248515749,-0.7879662104793318,0.9805691630212157
-0.12820135705825247,-0.896362015369642,0.047528003233390445,-0.18782790067073188,-0.7450683312692882,-0.6596889056395578,-0.14550663520840415,0.08635172448268381,-0.113155246375047,-0.36136337526327356,-0.16930001800408445,-1.0489396158996638,1.0167326113891864,0.187748953369796,-0.7879662104793318,0.9805691630212157
-0.12820135705825247,0.08046416760143366,0.26166915436280613,-0.19728701193704748,-0.001955816593435651,-0.3239403044697654,-0.14550663520840415,-0.37094828149760134,-0.113155246375047,-0.3399749813194316,-0.158774690041939,1.396519398219684,-1.4591515005125708,-0.5996516610755408,-0.7879662104793318,-1.5142176200692914
-0.1291353793975464,-0.7555528614727233,1.6794312583920412,-0.13107323307283836,1.064629204470729,0.478936785284086,-0.12388560439708307,-0.394200824174565,-0.113155246375047,-0.36136337526327356,-0.16930001800408445,0.9074275953958144,0.08827606942602752,-0.4028015074642066,-0.7879662104793318,-1.5142176200692914
-0.1291353793975464,-0.6886714991467907,0.19521155573643575,-0.18782790067073188,-0.8587208335138303,-0.6876679557370405,-0.14550663520840415,0.39638562684219913,-0.113155246375047,-0.36136337526327356,-0.16930001800408445,-1.2119702168409536,0.24301882641988734,-0.07471791811198296,-0.7879662104793318,0.9805691630212157
-0.1300694017368403,1.1195139037364572,-0.44721189765181135,-0.21620523446967865,-0.7450683312692882,-0.8835213064194195,-0.14550663520840415,-0.394200824174565,-0.113155246375047,-0.36136337526327356,-0.16930001800408445,0.5813663935132347,-0.0664666875678323,-0.07471791811198296,-0.7879662104793318,0.9805691630212157
-0.1300694017368403,-0.6994202895206013,1.2142280680074484,-0.19728701193704748,-0.8936908342044587,-0.7813369495416566,-0.14550663520840415,0.3188771512523203,-0.113155246375047,-0.36136337526327356,-0.16930001800408445,-1.0489396158996638,-0.0664666875678323,-0.20595135385287242,-0.7879662104793318,0.9805691630212157
-0.1300694017368403,-0.9040055996354629,0.5939571474946581,-0.19728701193704748,-0.8368645830821876,-0.7223376482491387,-0.12388560439708307,0.41963816951916283,-0.113155246375047,-0.36136337526327356,0.9726980658886961,-1.2119702168409536,0.3977615834137472,-0.07471791811198296,-0.7879662104793318,0.9805691630212157
-0.1300694017368403,-0.65403650794229,-1.8059005806798283,-0.1783687894044163,0.4089416915214475,0.58233762260087,-0.14550663520840415,-0.394200824174565,-0.113155246375047,-0.3399749813194316,-0.2061386658715935,1.2334887972783941,0.3977615834137472,-0.20595135385287242,-0.7879662104793318,-1.5142176200692914
-0.13100342407613422,-0.7328609706835676,0.9631660287522713,-0.19728701193704748,-0.8543495834275018,-0.1840450539823519,-0.12929086209991333,0.1948635903085142,-0.113155246375047,-0.36136337526327356,-0.16930001800408445,-1.3750008177822435,1.0167326113891864,3.0092678217989195,-0.7879662104793318,0.9805691630212157
-0.13100342407613422,-0.874386710605407,0.7711774104983125,-0.19728701193704748,-0.8281220829095305,-0.5325666997618647,-0.14550663520840415,-0.022160141343146558,-0.113155246375047,-0.36136337526327356,-0.16930001800408445,-1.0489396158996638,0.08827606942602752,3.468584846892033,-0.7879662104793318,0.9805691630212157
-0.13100342407613422,0.8328794937681749,-0.5136694962781817,-0.20674612320336305,0.9203779516218872,0.6309968401617094,-0.12929086209991333,-0.394200824174565,-0.113155246375047,-0.36136337526327356,-0.16930001800408445,-1.0489396158996638,0.552504340407607,4.780919204300927,-0.7879662104793318,0.9805691630212157
-0.13100342407613422,-0.16078646078853734,-0.41029100952605,-0.1689096781381007,1.2744492086144992,0.047086229431635616,-0.14550663520840415,-0.394200824174565,-0.113155246375047,-0.36136337526327356,-0.16930001800408445,-1.0489396158996638,0.7072470974014669,0.3845991069811302,-0.7879662104793318,0.9805691630212157
-0.13193744641542815,-0.8870463970456728,-0.3733701214002887,-0.14999145560546953,-0.6051883285067747,0.5458432094302403,-0.08604880047727116,1.8225415776959697,-0.113155246375047,-0.36136337526327356,4.235549734153783,-1.5380314187235333,0.3977615834137472,2.3531006430944723,-0.7879662104793318,0.9805691630212157
-0.13193744641542815,-0.7889935426356895,0.1656748452358267,-0.18782790067073188,-0.9111758345497729,-0.5289172584448018,-0.1184803466942528,1.861295815490909,-0.113155246375047,-0.36136337526327356,-0.16930001800408445,-1.0489396158996638,0.552504340407607,0.7126826963333539,-0.7879662104793318,0.9805691630212157
-0.13287146875472206,-0.8912264821910436,0.7416406999977034,-0.18782790067073188,-0.8674633336864874,-0.43524826464018573,-0.12929086209991333,0.1328568098366111,-0.113155246375047,-0.36136337526327356,-0.16930001800408445,-0.7228784140170841,1.0167326113891864,-0.07471791811198296,-0.7879662104793318,0.9805691630212157
-0.13287146875472206,-0.18944990178536558,0.3502792858646333,-0.18782790067073188,2.4022317308872636,1.5859339847931841,-0.10766983128859225,-0.394200824174565,-0.113155246375047,-0.36136337526327356,-0.16930001800408445,-0.7228784140170841,0.3977615834137472,1.6313167465195801,-0.7879662104793318,0.9805691630212157
-0.13287146875472206,-0.91117145988467,0.6677989237461808,-0.1689096781381007,-0.8499783333411732,-0.3725995220306049,-0.11307508899142252,3.659492449176098,-0.113155246375047,-0.36136337526327356,0.6464128990621874,-1.0489396158996638,-0.22120944456169214,0.25336567124024073,-0.7879662104793318,0.9805691630212157
-0.13287146875472206,-0.6110413464470476,-3.1055158427066267,-0.1689096781381007,-0.3123145727227623,-0.25703388032361113,-0.12929086209991333,-0.394200824174565,-0.113155246375047,-0.36136337526327356,-0.37980657724699335,2.0486418019848434,-0.375952201555552,-0.4028015074642066,-0.7879662104793318,-1.5142176200692914
-0.13287146875472206,-0.9056776336936112,0.08444889135915178,-0.21620523446967865,-0.9592595854993868,-0.9096756358583707,-0.14550663520840415,0.10960426715964747,-0.113155246375047,-0.36136337526327356,-0.16930001800408445,-1.3750008177822435,0.552504340407607,0.12213223549935126,-0.7879662104793318,0.9805691630212157
-0.13380549109401596,-0.3936769188877668,0.39458435161554695,-0.19728701193704748,2.638279235549005,0.6492440467470242,-0.14550663520840415,-0.394200824174565,-0.113155246375047,-0.2544214055440638,-0.5692624805656114,1.0704581963371043,-0.0664666875678323,-0.7965018146868751,-0.7879662104793318,-0.8134348158303849
-0.13380549109401596,1.1434001045671474,0.8819400748755964,-0.1783687894044163,0.6843304469601458,-0.41578457761584997,-0.059022511963119806,-0.3631974339386134,-0.113155246375047,-0.36136337526327356,-0.16930001800408445,-1.0489396158996638,-1.149665986524851,0.9751495678151328,-0.7879662104793318,0.9805691630212157
-0.13380549109401596,0.7914369353269274,0.36371848914241045,-0.14999145560546953,-0.7538108314419453,-0.6779361122248727,-0.1346961198027436,-0.38644997661557706,-0.113155246375047,-0.36136337526327356,-0.5218985047359568,1.2334887972783941,3.0283884523093643,-0.7308850968164303,-0.7879662104793318,-0.8134348158303849
-0.1347395134333099,-0.5178851632073558,-1.303776502169474,-0.20674612320336305,0.5925341951472464,-0.5806176771031937,-0.14550663520840415,-0.394200824174565,-0.113155246375047,-0.3399749813194316,-0.26929063364446615,1.5595499991609738,-0.0664666875678323,-0.7308850968164303,-0.7879662104793318,-0.8134348158303849
-0.1487498485227186,-0.828047480993868,1.5834369492650617,0.010813435921895433,-0.6226733288520889,-0.5933907217129141,0.17880882696141218,-0.26243641567177095,-0.113155246375047,-0.27580979948790574,-0.35875592132270245,1.396519398219684,-0.375952201555552,-0.7965018146868751,-0.7879662104793318,-0.8134348158303849
-0.14314571448695512,0.021942975566242667,-0.7942682460339678,-0.19728701193704748,0.8854079509312588,-0.48147452132298324,-0.12929086209991333,-0.394200824174565,-0.113155246375047,-0.36136337526327356,-0.16930001800408445,-0.8859090149583739,-0.375952201555552,0.05651551762890652,-0.7879662104793318,0.9805691630212157
-0.14314571448695512,-0.9043638926479232,0.6530305684958763,-0.1783687894044163,-0.7319545810103025,-0.4030115330061296,-0.14550663520840415,0.44289071219612647,-0.113155246375047,-0.36136337526327356,-0.16930001800408445,-1.0489396158996638,-0.0664666875678323,0.3845991069811302,-0.7879662104793318,0.9805691630212157
-0.14314571448695512,-0.8294806530437094,0.010607115107629121,-0.19728701193704748,-0.8062658324778879,-0.3543523154452901,-0.14550663520840415,0.39638562684219913,-0.113155246375047,-0.36136337526327356,1.3989738483555867,-0.8859090149583739,0.7072470974014669,0.7126826963333539,-0.7879662104793318,0.9805691630212157
-0.14314571448695512,-0.6886714991467907,-3.043488750655348,-0.19728701193704748,-0.6183020787657604,-0.689492676395572,-0.14550663520840415,-0.394200824174565,-0.113155246375047,-0.36136337526327356,-0.16930001800408445,1.5595499991609738,0.552504340407607,-0.5996516610755408,-0.7879662104793318,-0.006133025347164716
-0.14314571448695512,-0.607458416322444,0.4315052397413083,-0.19728701193704748,-0.8412358331685161,-0.8275632062244541,-0.12388560439708307,1.2412280107718783,-0.113155246375047,-0.36136337526327356,-0.16930001800408445,-0.7228784140170841,0.552504340407607,0.7126826963333539,-0.7879662104793318,0.9805691630212157
-0.14314571448695512,-0.909618856830675,0.09183306898430404,-0.14999145560546953,-0.8499783333411732,-0.37868192422570984,0.016651095876504,3.6439907540581222,-0.113155246375047,-0.36136337526327356,-0.16930001800408445,-0.8859090149583739,-0.8401804725371315,1.8281669001309144,-0.7879662104793318,0.9805691630212157
-0.14407973682624903,-0.907469098755913,-0.1296922597702639,-0.19728701193704748,-0.8499783333411732,-0.7101728438589289,-0.14550663520840415,0.5979076633758841,-0.113155246375047,-0.36136337526327356,-0.16930001800408445,-1.0489396158996638,-0.8401804725371315,3.665435000503367,-0.7879662104793318,0.9805691630212157
-0.14407973682624903,0.6179036862919631,-0.19614985839663432,-0.19728701193704748,1.2569642082691852,0.22347589308967875,-0.14550663520840415,-0.394200824174565,-0.113155246375047,-0.36136337526327356,-0.16930001800408445,-1.0489396158996638,1.0167326113891864,0.5158325427220196,-0.7879662104793318,0.9805691630212157
-0.14407973682624903,0.4984726821385121,-0.18876568077148204,-0.1783687894044163,1.0340304538664293,-0.06847941227535816,-0.14550663520840415,-0.394200824174565,-0.113155246375047,-0.36136337526327356,-0.16930001800408445,-1.0489396158996638,0.08827606942602752,-0.27156807172331715,-0.7879662104793318,0.9805691630212157
-0.14407973682624903,-0.6719511585653076,0.7711774104983125,-0.15945056687178513,0.846066700154302,3.8303403947869055,-0.053617254260289536,-0.394200824174565,-0.113155246375047,-0.36136337526327356,-0.3429679293794843,0.5813663935132347,-2.5423507994695895,0.31898238911068544,-0.7879662104793318,-1.5366426698049362
-0.14407973682624903,-0.9014975485482404,0.4610419502419173,-0.19728701193704748,-0.8936908342044587,-0.3421875110550802,-0.14550663520840415,0.03209579156976863,-0.113155246375047,-0.36136337526327356,1.3726605284502231,-1.3750008177822435,-0.0664666875678323,1.434466592908246,-0.7879662104793318,0.9805691630212157
-0.14407973682624903,-0.885254931983371,-0.7351948250327497,-0.19728701193704748,-0.8936908342044587,-0.510670051859487,-0.1184803466942528,1.7605347972240666,-0.113155246375047,-0.36136337526327356,-0.16930001800408445,-1.2119702168409536,0.7072470974014669,1.5000833107786906,-0.7879662104793318,0.9805691630212157
-0.14407973682624903,-0.6122356564885821,1.9157249423969136,-0.1783687894044163,-0.001955816593435651,2.0481965516211593,-0.11307508899142252,-0.394200824174565,-0.113155246375047,-0.36136337526327356,0.025418549295606302,0.4183357925719449,0.08827606942602752,-0.27156807172331715,-0.7879662104793318,-1.5142176200692914
-0.14407973682624903,1.095627702905767,0.4315052397413083,-0.1783687894044163,-0.286087072204791,-0.19012745617745686,-0.12929086209991333,-0.394200824174565,-0.113155246375047,-0.36136337526327356,-0.16930001800408445,0.9074275953958144,0.08827606942602752,-0.7308850968164303,-0.7879662104793318,0.9805691630212157
-0.14407973682624903,-0.6373161673608068,0.6899514566216376,-0.19728701193704748,-0.8587208335138303,-0.8099242398586498,-0.12929086209991333,1.0319551266792055,-0.113155246375047,-0.36136337526327356,0.6779888829486237,-1.0489396158996638,-0.6854377155432716,3.2717346932806985,-0.7879662104793318,0.9805691630212157
-0.14501375916554296,-0.790187852677224,-1.525301830924042,-0.18782790067073188,-0.31668582280909086,-0.7472754972490689,-0.14550663520840415,-0.06091437913808598,-0.113155246375047,-0.36136337526327356,-0.16930001800408445,-1.0489396158996638,0.24301882641988734,0.12213223549935126,-0.7879662104793318,0.9805691630212157
-0.14501375916554296,-0.26946867456817775,-1.8354372911804373,-0.19728701193704748,0.3696004407444906,-0.4218669798109549,-0.14550663520840415,-0.394200824174565,-0.113155246375047,-0.36136337526327356,-0.16930001800408445,-1.0489396158996638,-2.3876080424757298,0.5158325427220196,-0.7879662104793318,0.9805691630212157
-0.14501375916554296,0.07688123747683012,-0.23307074652239565,-0.18782790067073188,0.34774419031284787,-0.6773278720053622,-0.0806435427744409,-0.394200824174565,-0.113155246375047,-0.36136337526327356,-0.16930001800408445,-1.0489396158996638,-0.375952201555552,0.12213223549935126,-0.7879662104793318,0.9805691630212157
-0.14501375916554296,0.5223588829692023,0.11398560185976084,-0.15945056687178513,1.7815142186286104,0.8134689060148574,-0.14550663520840415,-0.394200824174565,-0.113155246375047,-0.36136337526327356,-0.16930001800408445,-1.0489396158996638,0.24301882641988734,0.05651551762890652,-0.7879662104793318,0.9805691630212157
-0.14501375916554296,1.0000828995830062,0.38720017399039464,-0.1783687894044163,0.8548092003269591,0.12615745796799976,-0.14550663520840415,-0.394200824174565,-0.113155246375047,-0.36136337526327356,-0.16930001800408445,-1.0489396158996638,-0.0664666875678323,-0.14033463598242768,-0.7879662104793318,0.9805691630212157
-0.14501375916554296,0.09240726801677875,-0.4989011410278772,-0.1783687894044163,1.4930117129309266,0.041003827236530684,-0.14550663520840415,-0.394200824174565,-0.113155246375047,-0.36136337526327356,-0.16930001800408445,-1.0489396158996638,0.7072470974014669,-0.5340349432050961,-0.7879662104793318,0.9805691630212157
-0.14501375916554296,-0.8998255144900921,-0.026313773018132206,-0.18782790067073188,-0.871834583772816,-0.177962651787247,-0.14550663520840415,0.21811613298547783,-0.113155246375047,-0.36136337526327356,-0.16930001800408445,-0.8859090149583739,0.24301882641988734,0.7782994142037986,-0.7879662104793318,0.9805691630212157
-0.14501375916554296,-0.920725940216946,0.017991292732781387,-0.19728701193704748,-0.9548883354130583,-0.7247706091271807,-0.14550663520840415,0.1871127427495263,-0.113155246375047,-0.36136337526327356,0.4516943317624968,-0.8859090149583739,-0.0664666875678323,-0.07471791811198296,-0.7879662104793318,0.9805691630212157
-0.14501375916554296,-0.892659654240885,-1.5326860085491945,-0.19728701193704748,-0.8762058338591445,-0.7156470058345232,-0.12388560439708307,0.1871127427495263,-0.113155246375047,-0.36136337526327356,-0.16930001800408445,-0.8859090149583739,-0.22120944456169214,0.5158325427220196,-0.7879662104793318,0.9805691630212157
-0.14501375916554296,-0.9121269079178975,-0.5710445564256148,-0.20674612320336305,-0.8805770839454731,-0.5988648836885085,-0.12929086209991333,0.21036528542648994,-0.113155246375047,-0.36136337526327356,0.9569100739454781,-0.8859090149583739,2.7189029383216443,1.6313167465195801,-0.7879662104793318,0.9805691630212157
-0.14501375916554296,-0.8589801110696118,0.12875395711006538,-0.19728701193704748,-0.8587208335138303,-0.7533578994441739,-0.12929086209991333,1.3652415717156845,-0.113155246375047,-0.36136337526327356,0.4306436758382059,-1.0489396158996638,0.3977615834137472,2.418717360964917,-0.7879662104793318,0.9805691630212157
-0.14501375916554296,-0.7985480229679657,0.5865729698695058,-0.19728701193704748,-0.8587208335138303,-0.7655227038343837,-0.12929086209991333,0.8304330901455207,-0.113155246375047,-0.36136337526327356,0.3622290440842603,-1.0489396158996638,-0.22120944456169214,3.862285154114701,-0.7879662104793318,0.9805691630212157
-0.14594778150483687,-0.06404734742424205,-0.9567201537873177,-0.21620523446967865,0.9815754528304869,-0.4303823428841018,-0.12929086209991333,-0.394200824174565,-0.113155246375047,-0.36136337526327356,-0.16930001800408445,-1.0489396158996638,0.08827606942602752,1.8281669001309144,-0.7879662104793318,0.9805691630212157
-0.14594778150483687,-0.23483368336367696,-1.3997708112964535,-0.21620523446967865,0.5313366939386468,-0.6846267546394881,-0.14550663520840415,-0.394200824174565,-0.113155246375047,-0.36136337526327356,-0.16930001800408445,-1.0489396158996638,-0.22120944456169214,0.187748953369796,-0.7879662104793318,0.9805691630212157
-0.14594778150483687,0.08882433789217523,-0.6465846935309225,-0.1689096781381007,1.5498379640531976,0.41203036113793173,-0.14550663520840415,-0.394200824174565,-0.113155246375047,-0.36136337526327356,-0.16930001800408445,-1.0489396158996638,0.552504340407607,1.696933464390025,-0.7879662104793318,0.9805691630212157
-0.14594778150483687,0.2954399750776454,0.2099799109867403,-0.15945056687178513,2.1268429754485654,0.2660527084554133,-0.14550663520840415,-0.394200824174565,-0.113155246375047,-0.36136337526327356,-0.16930001800408445,-1.0489396158996638,0.24301882641988734,-0.009101200241538217,-0.7879662104793318,0.9805691630212157
-0.14594778150483687,-0.7961594028848966,-0.05585048351874127,-0.1783687894044163,1.2613354583555136,-0.09280902105577789,-0.14550663520840415,-0.394200824174565,-0.113155246375047,-0.36136337526327356,-0.16930001800408445,-1.0489396158996638,0.552504340407607,-0.20595135385287242,-0.7879662104793318,0.9805691630212157
-0.14594778150483687,-0.8845383459584504,1.177307179881687,-0.06485945420862926,1.3400179599094275,5.423929769904398,-0.10766983128859225,-0.35544658637962556,-0.113155246375047,-0.3399749813194316,-0.11141071421228448,1.0704581963371043,-2.23286528548187,-0.009101200241538217,-0.7879662104793318,-1.5310364073710252
-0.14594778150483687,-0.8942122572948799,-0.2847599898984615,-0.19728701193704748,-0.9068045844634444,-0.6317098555420751,-0.14550663520840415,0.9001907181764116,-0.113155246375047,-0.36136337526327356,-0.16930001800408445,-1.0489396158996638,0.3977615834137472,0.5158325427220196,-0.7879662104793318,0.9805691630212157
-0.14594778150483687,-0.7913821627187586,0.2542849767376539,-0.19728701193704748,-0.8150083326505448,-0.20837466276277167,-0.14550663520840415,0.12510596227762324,-0.113155246375047,-0.36136337526327356,1.3200338886394958,-1.7010620196648232,0.08827606942602752,0.5158325427220196,-0.7879662104793318,0.9805691630212157
-0.14594778150483687,-0.8759393136594019,-2.799220154815311,-0.20674612320336305,-0.8062658324778879,-0.8889954683950139,-0.14550663520840415,-0.394200824174565,-0.113155246375047,-0.3399749813194316,-0.4534838729820114,1.396519398219684,1.9451891533523453,-0.8621185325573197,-0.7879662104793318,0.9805691630212157
-0.14594778150483687,1.3464328116280142,-0.0706188387690458,-0.21620523446967865,-0.8368645830821876,-0.5976484032494875,-0.14550663520840415,-0.394200824174565,-0.113155246375047,-0.36136337526327356,-0.16930001800408445,-1.7010620196648232,-1.149665986524851,-0.009101200241538217,-0.7879662104793318,-1.5142176200692914
-0.14594778150483687,-0.39009398876316326,-0.2773758122733092,-0.1689096781381007,0.8985217011902444,-0.06239701008025322,-0.12388560439708307,-0.394200824174565,-0.113155246375047,-0.36136337526327356,-0.16930001800408445,0.25530519163065507,0.3977615834137472,0.8439161320742433,-0.7879662104793318,0.9805691630212157
-0.14688180384413077,-0.34112727706024837,0.34289510823948105,-0.1689096781381007,1.5236104635352263,1.5494395716225546,-0.1184803466942528,-0.394200824174565,-0.113155246375047,-0.3399749813194316,-0.5218985047359568,0.4183357925719449,-0.9949232295309912,-0.7965018146868751,-0.7879662104793318,-0.8134348158303849
-0.14688180384413077,0.28349687466230034,-0.4398277200266591,-0.21620523446967865,0.8548092003269591,-0.47113443759130486,-0.12929086209991333,-0.394200824174565,-0.113155246375047,-0.36136337526327356,-0.16930001800408445,0.4183357925719449,0.552504340407607,0.05651551762890652,-0.7879662104793318,0.9805691630212157
-0.14688180384413077,-0.3888996787216287,-1.8575898240558941,-0.19728701193704748,0.9291204517945443,-0.1110562276410927,-0.14550663520840415,-0.394200824174565,-0.113155246375047,-0.36136337526327356,-0.16930001800408445,-1.0489396158996638,0.552504340407607,0.9751495678151328,-0.7879662104793318,0.9805691630212157
-0.14688180384413077,0.33126927632368075,0.7711774104983125,-0.19728701193704748,1.4711554624992838,-0.19012745617745686,-0.14550663520840415,-0.394200824174565,-0.113155246375047,-0.2544214055440638,-0.5692624805656114,0.7443969944545246,-0.5306949585494117,-0.9277352504277645,-0.7879662104793318,0.005079499520657947
-0.14688180384413077,0.2058667219625572,0.14352231236036989,-0.15945056687178513,1.7946279688875961,0.7769744928442278,-0.14550663520840415,-0.394200824174565,-0.113155246375047,-0.36136337526327356,-0.16930001800408445,0.7443969944545246,-0.8401804725371315,-0.14033463598242768,-0.7879662104793318,0.9805691630212157
-0.14688180384413077,-0.06285303738270753,-0.2404549241475479,-0.14999145560546953,2.4022317308872636,0.8195513082099624,-0.14550663520840415,-0.394200824174565,-0.113155246375047,-0.36136337526327356,-0.16930001800408445,0.7443969944545246,-0.375952201555552,-0.27156807172331715,-0.7879662104793318,0.9805691630212157
-0.14688180384413077,0.2548334336654721,0.4462735949916128,-0.15945056687178513,1.921394221391124,0.32687673040646265,-0.14550663520840415,-0.394200824174565,-0.113155246375047,-0.36136337526327356,-0.16930001800408445,0.7443969944545246,0.24301882641988734,-0.4028015074642066,-0.7879662104793318,0.9805691630212157
-0.14688180384413077,-0.1572035306639338,-0.7573473579082065,-0.1783687894044163,1.2700779585281707,-0.08672661886067295,-0.14550663520840415,-0.394200824174565,-0.113155246375047,-0.36136337526327356,-0.16930001800408445,0.7443969944545246,0.24301882641988734,-0.4684182253346514,-0.7879662104793318,0.9805691630212157
-0.14688180384413077,0.47458648130782194,-0.20353403602178657,-0.1783687894044163,1.4143292113770127,-0.007655390324308798,-0.14550663520840415,-0.394200824174565,-0.113155246375047,-0.36136337526327356,-0.16930001800408445,0.7443969944545246,0.08827606942602752,-0.27156807172331715,-0.7879662104793318,0.9805691630212157
-0.14688180384413077,-0.24319385365441853,-1.2373189035431038,-0.1689096781381007,2.0394179737219944,0.34512393699177746,-0.14550663520840415,-0.394200824174565,-0.113155246375047,-0.36136337526327356,-0.16930001800408445,0.7443969944545246,0.7072470974014669,-0.4684182253346514,-0.7879662104793318,0.9805691630212157
-0.14688180384413077,0.45070028047713173,-0.23307074652239565,-0.1689096781381007,1.497382963017255,0.11399265357778991,-0.14550663520840415,-0.394200824174565,-0.113155246375047,-0.36136337526327356,-0.16930001800408445,-1.0489396158996638,0.552504340407607,-0.3371847895937619,-0.7879662104793318,0.9805691630212157
-0.14688180384413077,-0.9135600799677389,0.5718046146192013,-0.21620523446967865,-0.9680020856720439,-0.7722133462489992,-0.14550663520840415,-0.12292115960998905,-0.113155246375047,-0.36136337526327356,-0.16930001800408445,-0.8859090149583739,0.08827606942602752,0.31898238911068544,-0.7879662104793318,0.9805691630212157
-0.14688180384413077,-0.9081856847808336,-0.4176751871512023,-0.19728701193704748,-0.8849483340318016,-0.8342538486390695,-0.14550663520840415,0.9621974986483146,-0.113155246375047,-0.36136337526327356,-0.16930001800408445,-0.7228784140170841,0.3977615834137472,0.3845991069811302,-0.7879662104793318,0.9805691630212157
-0.1478158261834247,-0.1691466310792789,-0.1370764373954162,-0.18782790067073188,0.990317953003144,0.7100680686980736,-0.14550663520840415,-0.394200824174565,-0.113155246375047,-0.36136337526327356,-0.16930001800408445,-0.7228784140170841,1.0167326113891864,4.1247520255964805,-0.7879662104793318,0.9805691630212157
-0.1478158261834247,0.3551554771543709,-0.32168087802422285,-0.21620523446967865,1.103970455247686,-0.3300227066648704,-0.12929086209991333,-0.394200824174565,-0.113155246375047,-0.36136337526327356,-0.16930001800408445,-0.7228784140170841,-0.0664666875678323,0.31898238911068544,-0.7879662104793318,0.9805691630212157
-0.1478158261834247,1.1434001045671474,-0.3438334108996796,-0.21620523446967865,0.08546918513313523,-0.3361051088599753,-0.14550663520840415,-0.394200824174565,-0.113155246375047,-0.36136337526327356,-0.16930001800408445,-0.7228784140170841,-0.6854377155432716,1.5657000286491354,-0.7879662104793318,0.9805691630212157
-0.1478158261834247,1.2389449078899082,1.3619116205104937,-0.1689096781381007,1.0340304538664293,-0.5088453312009554,-0.08604880047727116,-0.394200824174565,-0.113155246375047,-0.36136337526327356,-0.16930001800408445,2.7007642057500028,0.24301882641988734,-0.27156807172331715,-0.7879662104793318,0.9805691630212157
-0.1478158261834247,-0.40203708917850833,-1.0748669957897539,-0.14999145560546953,1.9694779723407378,0.44244237211345644,-0.14550663520840415,-0.394200824174565,-0.113155246375047,-0.36136337526327356,-0.16930001800408445,2.7007642057500028,0.08827606942602752,-0.27156807172331715,-0.7879662104793318,0.9805691630212157
-0.1478158261834247,0.3193261759083356,-0.026313773018132206,-0.14999145560546953,2.0000767229450376,0.6918208621127587,-0.14550663520840415,-0.394200824174565,-0.113155246375047,-0.36136337526327356,-0.16930001800408445,2.7007642057500028,0.552504340407607,0.05651551762890652,-0.7879662104793318,0.9805691630212157
-0.1478158261834247,-0.47369569167057896,-1.35546574554554,-0.1783687894044163,2.188040476657165,0.21131108869946888,-0.14550663520840415,-0.394200824174565,-0.113155246375047,-0.36136337526327356,-0.16930001800408445,-0.8859090149583739,0.8619898543953266,-0.3371847895937619,-0.7879662104793318,0.9805691630212157
-0.1478158261834247,0.13181949938741758,-0.9419517985370132,-0.1689096781381007,0.9946892030894724,0.15048706674841952,-0.14550663520840415,-0.394200824174565,-0.113155246375047,-0.36136337526327356,-0.16930001800408445,-0.8859090149583739,0.24301882641988734,1.1063830035560223,-0.7879662104793318,0.9805691630212157
-0.1478158261834247,0.24527895333319602,-0.4398277200266591,-0.1689096781381007,1.5017542131035835,0.022756620651215878,-0.14550663520840415,-0.394200824174565,-0.113155246375047,-0.36136337526327356,-0.16930001800408445,-0.8859090149583739,-0.22120944456169214,-0.20595135385287242,-0.7879662104793318,0.9805691630212157
-0.1478158261834247,-0.3017150456896095,-0.5948954501548567,-0.1689096781381007,1.9519929719954237,0.24780550187009848,-0.14550663520840415,-0.394200824174565,-0.113155246375047,-0.36136337526327356,-0.16930001800408445,-1.0489396158996638,0.7072470974014669,-0.20595135385287242,-0.7879662104793318,0.9805691630212157
-0.1478158261834247,0.9403673975062807,0.9262451406265101,-0.12161412180652278,1.1739104566289427,2.2185038130840975,-0.04280673885462899,-0.2856889583487346,-0.113155246375047,-0.36136337526327356,9.671881626601905,0.25530519163065507,0.24301882641988734,0.05651551762890652,-0.7879662104793318,0.9805691630212157
-0.1478158261834247,-0.790187852677224,0.5127311936179831,-0.21620523446967865,-0.9461458352404012,-0.8859542672974614,-0.14550663520840415,0.1328568098366111,-0.113155246375047,-0.36136337526327356,-0.16930001800408445,-1.0489396158996638,-0.375952201555552,0.6470659784629091,-0.7879662104793318,0.9805691630212157
-0.1478158261834247,0.9881397991676611,0.40935270686585146,-0.19728701193704748,-0.6489008293700602,-0.9668502164923571,-0.14550663520840415,-0.394200824174565,-0.113155246375047,-0.36136337526327356,-0.2850786255876843,0.9074275953958144,-1.3044087435187108,-0.7965018146868751,-0.7879662104793318,-0.8134348158303849
-0.1487498485227186,1.095627702905767,1.8049622780196297,-0.1689096781381007,0.46139669255739,0.4241951655281416,-0.12929086209991333,-0.394200824174565,-0.113155246375047,-0.3399749813194316,-0.24297731373910259,0.9074275953958144,0.24301882641988734,-0.8621185325573197,-0.7879662104793318,-0.8078285533964735
-0.1487498485227186,1.7166689245037121,0.054912180858542714,-0.21620523446967865,-0.6838708300606886,-0.7199046873710967,-0.14550663520840415,-0.394200824174565,-0.113155246375047,-0.36136337526327356,-0.16930001800408445,-0.3968172121345043,-1.4591515005125708,-0.4028015074642066,-0.7879662104793318,0.9805691630212157
-0.1487498485227186,1.322546610797324,0.4610419502419173,-0.1783687894044163,-0.3778833240176905,-0.5216183758106758,-0.14550663520840415,-0.394200824174565,-0.113155246375047,-0.36136337526327356,-0.3955945691902115,-0.8859090149583739,0.08827606942602752,-0.9277352504277645,-0.7879662104793318,-0.006133025347164716
-0.1487498485227186,-0.11181974908562244,-1.687753738677392,-0.21620523446967865,0.36522919065816206,-0.5216183758106758,-0.14550663520840415,-0.394200824174565,-0.113155246375047,-0.36136337526327356,-0.16930001800408445,-0.8859090149583739,0.24301882641988734,0.12213223549935126,-0.7879662104793318,0.9805691630212157
-0.1487498485227186,-0.3387386569771793,-0.9197992656615563,-0.14999145560546953,2.2798367284700642,0.5580080138204502,-0.14550663520840415,-0.394200824174565,-0.113155246375047,-0.36136337526327356,-0.16930001800408445,-0.8859090149583739,0.3977615834137472,-0.3371847895937619,-0.7879662104793318,0.9805691630212157
-0.1487498485227186,-0.4677241414629064,-1.7025220939276964,-0.15945056687178513,1.576065464571169,0.3816183501624071,-0.14550663520840415,-0.394200824174565,-0.113155246375047,-0.36136337526327356,-0.16930001800408445,-0.8859090149583739,-0.22120944456169214,-0.14033463598242768,-0.7879662104793318,0.9805691630212157
-0.1487498485227186,-0.42114604984306053,-1.5843752519252603,-0.15945056687178513,1.8252267194918959,0.24780550187009848,-0.14550663520840415,-0.394200824174565,-0.113155246375047,-0.36136337526327356,-0.16930001800408445,-0.8859090149583739,0.24301882641988734,-0.3371847895937619,-0.7879662104793318,0.9805691630212157
-0.1487498485227186,-0.3745679582232146,-1.495765120423433,-0.15945056687178513,1.5585804642258547,0.2721351106505182,-0.14550663520840415,-0.394200824174565,-0.113155246375047,-0.36136337526327356,-0.16930001800408445,-0.8859090149583739,0.24301882641988734,-0.5340349432050961,-0.7879662104793318,0.9805691630212157
-0.1487498485227186,0.21183827217022974,0.5570362593688968,-0.14999145560546953,2.389117980628278,0.6127496335763946,-0.14550663520840415,-0.394200824174565,-0.113155246375047,-0.36136337526327356,-0.16930001800408445,-0.8859090149583739,0.552504340407607,-0.14033463598242768,-0.7879662104793318,0.9805691630212157
-0.1487498485227186,-0.4486151807983542,-1.2373189035431038,-0.15945056687178513,1.8601967201825242,0.4606895786987712,-0.14550663520840415,-0.394200824174565,-0.113155246375047,-0.36136337526327356,-0.16930001800408445,-0.8859090149583739,0.552504340407607,-0.3371847895937619,-0.7879662104793318,0.9805691630212157
-0.1487498485227186,-0.354264687517128,-0.9714885090376222,-0.1783687894044163,2.170555476311851,0.19914628430925901,-0.14550663520840415,-0.394200824174565,-0.113155246375047,-0.36136337526327356,-0.16930001800408445,-1.0489396158996638,0.8619898543953266,-0.4684182253346514,-0.7879662104793318,0.9805691630212157
-0.1487498485227186,0.2190041324194368,-1.8797423569313507,-0.21620523446967865,-0.8193795827368734,-0.8561504965414473,-0.14550663520840415,-0.394200824174565,-0.113155246375047,-0.36136337526327356,-0.16930001800408445,-1.0489396158996638,-0.375952201555552,0.9751495678151328,-0.7879662104793318,0.9805691630212157
-0.1487498485227186,0.010835892179971725,1.861820445733302,-0.1783687894044163,-0.2948295723774481,0.4965757516498903,-0.0968593158829317,-0.38644997661557706,-0.113155246375047,-0.36136337526327356,-0.5587371526034659,1.5595499991609738,2.254674667340065,-0.5996516610755408,-0.7879662104793318,-1.5142176200692914
-0.1487498485227186,1.3464328116280142,0.0992172466094563,-0.19728701193704748,-0.6401583291974031,-0.5757517553471098,-0.14550663520840415,-0.394200824174565,-0.113155246375047,-0.36136337526327356,-0.6061011284331204,0.7443969944545246,-0.8401804725371315,-0.7965018146868751,-0.7879662104793318,-0.8134348158303849
-0.1487498485227186,0.33126927632368075,0.1213697794849131,-0.20674612320336305,0.5488216942839609,0.20522868650436393,-0.12388560439708307,-0.394200824174565,-0.113155246375047,-0.36136337526327356,-0.16930001800408445,0.7443969944545246,0.3977615834137472,3.9279018719851457,-0.7879662104793318,0.9805691630212157
-0.1487498485227186,-0.8839411909376831,0.4905786607425264,-0.18782790067073188,-0.7450683312692882,-0.7144305253955022,-0.14550663520840415,0.3731330841652355,-0.113155246375047,-0.36136337526327356,-0.16930001800408445,-0.8859090149583739,-0.6854377155432716,2.0906337716126933,-0.7879662104793318,0.9805691630212157
-0.1487498485227186,1.4180914141200847,0.202595733361588,-0.21620523446967865,-0.7406970811829596,-0.9090673956388602,-0.14550663520840415,-0.394200824174565,-0.113155246375047,-0.36136337526327356,-0.16930001800408445,1.2334887972783941,0.24301882641988734,-0.7308850968164303,-0.7879662104793318,0.9805691630212157
-0.14968387086201254,0.023137285607777176,0.18044320048613122,-0.15945056687178513,1.4449279619813125,1.233154657477098,-0.059022511963119806,-0.394200824174565,-0.113155246375047,-0.2544214055440638,-0.43769588103879326,0.4183357925719449,-4.0897783694081875,-0.6652683789459856,-0.7879662104793318,-0.8134348158303849
-0.14968387086201254,-0.7030032196452048,0.45365777261676504,-0.19728701193704748,-0.9155470846361015,-0.6280604142250122,-0.14550663520840415,-0.014409293784158674,-0.113155246375047,-0.36136337526327356,-0.16930001800408445,-1.2119702168409536,-0.6854377155432716,0.3845991069811302,-0.7879662104793318,0.9805691630212157
-0.14968387086201254,1.0836846024904219,-0.1296922597702639,-0.19728701193704748,-0.775667081873588,-0.689492676395572,-0.1346961198027436,-0.394200824174565,-0.113155246375047,-0.36136337526327356,-0.16930001800408445,0.7443969944545246,-0.0664666875678323,-0.4028015074642066,-0.7879662104793318,0.9805691630212157
-0.14968387086201254,-0.49758189250126916,-0.5579745620290953,-0.1783687894044163,1.8820529706141669,0.022756620651215878,-0.12388560439708307,-0.394200824174565,-0.113155246375047,-0.36136337526327356,-0.16930001800408445,-0.8859090149583739,0.08827606942602752,0.25336567124024073,-0.7879662104793318,0.9805691630212157
-0.14968387086201254,1.1672863053978377,0.23951662148734934,-0.18782790067073188,0.8198391996363307,0.485019187479191,-0.14550663520840415,-0.394200824174565,-0.113155246375047,-0.36136337526327356,-0.16930001800408445,-0.8859090149583739,0.8619898543953266,1.5657000286491354,-0.7879662104793318,0.9805691630212157
-0.14968387086201254,-0.33276710676950677,-1.3406973902952355,-0.19728701193704748,1.1870242068879284,-0.27528108690892594,-0.14550663520840415,-0.394200824174565,-0.113155246375047,-0.36136337526327356,-0.16930001800408445,-1.0489396158996638,0.7072470974014669,1.1063830035560223,-0.7879662104793318,0.9805691630212157
-0.14968387086201254,0.0064169450262940375,-1.1487087720412765,-0.20674612320336305,0.5663066946292751,-0.4985052474692771,-0.14550663520840415,-0.394200824174565,-0.113155246375047,-0.36136337526327356,-0.16930001800408445,-1.0489396158996638,0.7072470974014669,0.4502158248515749,-0.7879662104793318,0.9805691630212157
-0.14968387086201254,0.4029278788157513,-0.853341667035186,-0.21620523446967865,-0.5177633267802039,-0.8452021725902584,-0.14550663520840415,-0.394200824174565,-0.113155246375047,-0.36136337526327356,-0.16930001800408445,-1.0489396158996638,-0.0664666875678323,-0.07471791811198296,-0.7879662104793318,0.9805691630212157
-0.14968387086201254,0.725391590030069,-3.253199395209672,-0.20674612320336305,0.2515766884136199,2.060361356011369,-0.053617254260289536,-0.394200824174565,-0.113155246375047,-0.36136337526327356,-0.16930001800408445,-1.0489396158996638,1.0167326113891864,1.2376164392969118,-0.7879662104793318,0.9805691630212157
-0.14968387086201254,0.5223588829692023,-0.8385733117848814,-0.19728701193704748,0.9334917018808728,2.656436771131653,-0.14550663520840415,-0.394200824174565,-0.113155246375047,-0.36136337526327356,-0.16930001800408445,-1.0489396158996638,0.24301882641988734,2.3531006430944723,-0.7879662104793318,0.9805691630212157
-0.14968387086201254,-0.4486151807983542,-0.9493359761621654,-0.14999145560546953,2.2842079785563927,0.5397608072351354,-0.14550663520840415,-0.394200824174565,-0.113155246375047,-0.36136337526327356,-0.16930001800408445,-1.0489396158996638,0.24301882641988734,-0.27156807172331715,-0.7879662104793318,0.9805691630212157
-0.14968387086201254,-0.49161034229359657,-1.6656012058019352,-0.15945056687178513,1.6241492155207828,0.2356406974798886,-0.14550663520840415,-0.394200824174565,-0.113155246375047,-0.36136337526327356,-0.16930001800408445,-1.0489396158996638,0.08827606942602752,-0.4684182253346514,-0.7879662104793318,0.9805691630212157
-0.14968387086201254,0.014896546321189058,0.24121498234113437,-0.1121550105402072,0.3521154403991764,1.2368040987941609,-0.09145405818010144,-0.35544658637962556,-0.113155246375047,-0.36136337526327356,-0.6271517843574113,0.5813663935132347,0.552504340407607,-0.8621185325573197,-0.7879662104793318,-0.8078285533964735
-0.14968387086201254,-0.9084245467891405,0.4905786607425264,-0.19728701193704748,-0.9374033350677441,-0.8737894629072516,-0.14550663520840415,0.7916788523505812,-0.113155246375047,-0.36136337526327356,0.10435850901169708,-0.8859090149583739,-0.8401804725371315,-0.27156807172331715,-0.7879662104793318,0.9805691630212157
-0.14968387086201254,0.22736430271017838,-0.4176751871512023,-0.12161412180652278,1.2831917087871563,-0.22053946715298153,-0.03199622344896845,-0.3631974339386134,-0.113155246375047,-0.2544214055440638,-0.25350264170124803,1.5595499991609738,-1.149665986524851,-0.7965018146868751,-0.7879662104793318,-0.8134348158303849
-0.14968387086201254,-0.2408052335713495,-1.1634771272915811,-0.13107323307283836,0.5706779447156036,-0.38476432642081476,-0.04821199655745926,-0.37094828149760134,-0.113155246375047,-0.3399749813194316,-0.10614805023121174,1.396519398219684,0.24301882641988734,-0.7965018146868751,-0.7879662104793318,-0.8134348158303849
-0.14968387086201254,0.4029278788157513,0.7121039894970943,-0.18782790067073188,1.0690004545570577,-0.27528108690892594,-0.14550663520840415,-0.394200824174565,-0.113155246375047,-0.3399749813194316,-0.5218985047359568,0.5813663935132347,0.552504340407607,-0.7965018146868751,-0.7879662104793318,-0.8134348158303849
-0.14968387086201254,0.9403673975062807,0.9040926077510533,-0.20674612320336305,-0.5920745782477891,-0.6858432350785091,-0.14550663520840415,-0.394200824174565,-0.113155246375047,-0.36136337526327356,-0.46927186492522965,1.0704581963371043,-1.6138942575064306,-0.5340349432050961,-0.7879662104793318,-1.5142176200692914
-0.15061789320130645,0.9403673975062807,0.2690533319879584,-0.1783687894044163,0.5225941937659897,0.6614088511372341,-0.1346961198027436,-0.394200824174565,-0.113155246375047,-0.2544214055440638,-0.3955945691902115,1.2334887972783941,-1.7686370145002903,-0.7965018146868751,-0.7879662104793318,-0.8134348158303849
-0.15061789320130645,0.9847957310513645,-0.07150494008406406,-0.20674612320336305,-0.7363258310966311,-0.7588320614197683,-0.14550663520840415,-0.394200824174565,-0.113155246375047,-0.36136337526327356,-0.6166264563952658,0.9074275953958144,-0.375952201555552,-0.6652683789459856,-0.7879662104793318,-1.5142176200692914
-0.15061789320130645,0.5825521090625416,-1.072356375397202,-0.19728701193704748,-0.9024333343771158,-0.5362161410789277,-0.12929086209991333,-0.37094828149760134,-0.113155246375047,-0.3399749813194316,-0.4903225208495205,0.9074275953958144,1.4809608823707658,-0.7308850968164303,-0.7879662104793318,-0.8078285533964735
-0.15248593787989428,1.8719292299031984,0.21736408861189255,-0.21620523446967865,-0.9155470846361015,-0.8123572007366917,-0.14550663520840415,-0.394200824174565,-0.113155246375047,-0.36136337526327356,-0.37980657724699335,0.9074275953958144,-1.3044087435187108,-0.4028015074642066,-0.7879662104793318,-1.5142176200692914
-0.15248593787989428,-0.8986312044485576,0.2690533319879584,-0.1783687894044163,-0.9330320849814155,-0.10497382544598777,-0.12929086209991333,1.869046663049897,-0.113155246375047,-0.36136337526327356,-0.16930001800408445,-1.0489396158996638,-0.6854377155432716,1.1063830035560223,-0.7879662104793318,0.9805691630212157
-0.15248593787989428,1.5255793178581907,-0.08538719401935033,-0.19728701193704748,-0.3778833240176905,-0.5228348562496968,-0.10226457358576198,-0.3786991290565892,-0.113155246375047,-0.36136337526327356,-0.16930001800408445,-1.0489396158996638,-0.6854377155432716,1.1063830035560223,-0.7879662104793318,0.9805691630212157
-0.15248593787989428,0.8705002600765119,0.08540883445042156,-0.19728701193704748,-0.6183020787657604,-0.4668767560547314,-0.11307508899142252,-0.38644997661557706,-0.113155246375047,-0.36136337526327356,0.067519861144188,-0.8859090149583739,-0.6854377155432716,-0.14033463598242768,-0.7879662104793318,-1.5142176200692914
-0.15248593787989428,1.3464328116280142,0.7933299433737693,-0.21620523446967865,-0.727583330923974,-0.6408334588347325,-0.14550663520840415,-0.394200824174565,-0.113155246375047,-0.36136337526327356,-0.16930001800408445,-0.07075601025192466,-0.0664666875678323,-0.20595135385287242,-0.7879662104793318,-1.5142176200692914
-0.15248593787989428,1.2867173095512887,-0.2404549241475479,-0.21620523446967865,-0.7494395813556167,-0.7126058047369708,-0.12929086209991333,-0.394200824174565,-0.113155246375047,-0.36136337526327356,1.130577985320878,0.7443969944545246,0.3977615834137472,0.187748953369796,-0.7879662104793318,-1.5142176200692914
-0.15248593787989428,1.680839623257677,-0.10753972689480712,-0.21620523446967865,-0.8412358331685161,-0.7071316427613763,-0.12929086209991333,-0.394200824174565,-0.113155246375047,-0.36136337526327356,-0.1166733781933572,0.4183357925719449,-2.6970935564634493,-0.009101200241538217,-0.7879662104793318,-1.5142176200692914
-0.15248593787989428,1.6091810207656063,-0.10753972689480712,-0.21620523446967865,-0.8193795827368734,-0.6231944924689282,-0.14550663520840415,-0.394200824174565,-0.113155246375047,-0.36136337526327356,-0.3008666175309025,-0.2337866111932145,-1.9233797714941503,-0.4684182253346514,-0.7879662104793318,-1.5142176200692914
-0.15248593787989428,1.0291046335922949,-0.32109014381421064,-0.20674612320336305,-0.9986008362763438,-0.8117489605171813,-0.14550663520840415,-0.394200824174565,-0.113155246375047,-0.36136337526327356,-0.25876530568232076,0.4183357925719449,3.0283884523093643,-0.7308850968164303,-0.7879662104793318,-1.5142176200692914
-0.15248593787989428,1.45392071536612,0.5201153712431354,-0.18782790067073188,-0.5308770770391895,-0.598256643468998,-0.14550663520840415,-0.394200824174565,-0.113155246375047,-0.36136337526327356,-0.669253096205993,-0.7228784140170841,-0.375952201555552,-0.9277352504277645,-0.7879662104793318,0.4087303947622678
-0.15248593787989428,1.0478553012443867,0.1213697794849131,-0.18782790067073188,-0.583332078075132,-0.643874659932285,-0.14550663520840415,-0.394200824174565,-0.113155246375047,-0.36136337526327356,-0.4482212090009387,-1.0489396158996638,0.24301882641988734,-0.7965018146868751,-0.7879662104793318,-0.8134348158303849
-0.15248593787989428,1.095627702905767,0.5865729698695058,-0.1783687894044163,-0.24674582142783413,-0.3543523154452901,-0.14550663520840415,-0.394200824174565,-0.113155246375047,-0.36136337526327356,-0.3903319052091388,-0.7228784140170841,0.552504340407607,-0.7308850968164303,-0.7879662104793318,-0.8134348158303849
-0.15248593787989428,1.5972379203502611,0.9114767853762055,-0.1689096781381007,-0.5046495765212182,-0.5568963085422844,-0.14550663520840415,-0.394200824174565,-0.113155246375047,-0.36136337526327356,-0.41138256113342964,-1.0489396158996638,-0.5306949585494117,-0.7965018146868751,-0.7879662104793318,-0.8134348158303849
-0.15248593787989428,2.1227343386254454,-0.04108212826843674,-0.21620523446967865,-0.9330320849814155,-0.7393683743954325,-0.14550663520840415,-0.394200824174565,-0.113155246375047,-0.36136337526327356,-0.5218985047359568,0.9074275953958144,0.08827606942602752,-0.8621185325573197,-0.7879662104793318,-0.8134348158303849
-0.15248593787989428,-0.840468305425827,-2.020041731809244,-0.15945056687178513,0.18163668703236321,-0.7180799667125652,-0.14550663520840415,-0.394200824174565,-0.113155246375047,-0.36136337526327356,-0.5324238326981022,1.2334887972783941,-0.375952201555552,-0.8621185325573197,-0.7879662104793318,-0.062195649686277235
-0.15248593787989428,1.6330672215962965,-0.1518447926457207,-0.15945056687178513,-0.18117707013290596,0.2356406974798886,0.038272126687825085,-0.27793811078974673,-0.113155246375047,-0.27580979948790574,-0.6271517843574113,0.9074275953958144,0.24301882641988734,-0.8621185325573197,-0.7879662104793318,-0.006133025347164716
-0.15248593787989428,1.8241568282418181,0.06968053610884724,-0.21620523446967865,-0.15932081970126324,0.32687673040646265,-0.11307508899142252,-0.394200824174565,-0.113155246375047,-0.2330330116002218,-0.6639904322249203,1.0704581963371043,0.08827606942602752,-0.8621185325573197,-0.7879662104793318,-0.006133025347164716
-0.15248593787989428,0.9881397991676611,-0.6687372264063793,-0.21620523446967865,0.05487043452883542,2.3948934767421406,-0.03199622344896845,-0.394200824174565,-0.113155246375047,-0.36136337526327356,-0.16930001800408445,1.0704581963371043,0.3977615834137472,1.8281669001309144,-0.7879662104793318,0.9805691630212157
-0.15248593787989428,0.8209363933528298,-0.8238049565345769,-0.19728701193704748,0.19912168737767738,1.3000610816232523,-0.14550663520840415,-0.394200824174565,-0.113155246375047,-0.36136337526327356,-0.16930001800408445,1.0704581963371043,0.552504340407607,1.696933464390025,-0.7879662104793318,0.9805691630212157
-0.15248593787989428,0.19320703552229138,-0.9101259929726069,-0.18782790067073188,0.5225941937659897,2.326162331937455,-0.11307508899142252,-0.394200824174565,-0.113155246375047,-0.36136337526327356,-0.16930001800408445,1.0704581963371043,3.3378739662970838,3.862285154114701,-0.7879662104793318,0.9805691630212157
-0.15248593787989428,2.325767045686312,1.3249907323847323,-0.21620523446967865,-0.7975233323052308,-0.9005520325657133,-0.14550663520840415,-0.394200824174565,-0.113155246375047,-0.36136337526327356,-0.16930001800408445,0.7443969944545246,-0.8401804725371315,-0.8621185325573197,-0.7879662104793318,-0.8134348158303849
-0.15248593787989428,-0.7877992325941551,-2.743691139074166,-0.19728701193704748,-0.5483620773845037,-0.8251302453464121,-0.14550663520840415,-0.394200824174565,-0.113155246375047,-0.36136337526327356,-0.16930001800408445,1.0704581963371043,0.3977615834137472,-0.7308850968164303,-0.7879662104793318,-0.8134348158303849
-0.15248593787989428,-0.417563119718457,-2.6920018956981,-0.21620523446967865,-0.6882420801470172,-0.9066344347608183,-0.14550663520840415,-0.394200824174565,-0.113155246375047,-0.36136337526327356,-0.16930001800408445,3.0268254076325825,0.552504340407607,-0.7965018146868751,-0.7879662104793318,-0.8134348158303849
-0.15248593787989428,1.441977614950775,-0.32168087802422285,-0.21620523446967865,-0.5439908272981752,-0.5477727052496271,-0.14550663520840415,-0.394200824174565,-0.113155246375047,-0.27580979948790574,0.004367893371315396,0.25530519163065507,0.08827606942602752,-0.6652683789459856,-0.7879662104793318,-0.8134348158303849
-0.15248593787989428,2.1466205394561357,0.6973356342467898,-0.21620523446967865,-0.8281220829095305,-0.7636979831758522,-0.14550663520840415,-0.394200824174565,-0.113155246375047,-0.36136337526327356,-0.6587277682438476,1.0704581963371043,-0.6854377155432716,-0.3371847895937619,-0.7879662104793318,-1.5142176200692914
-0.15248593787989428,1.7883275269957828,-0.06323466114389353,-0.21620523446967865,-0.7538108314419453,-0.4674849962742419,-0.14550663520840415,-0.394200824174565,-0.113155246375047,-0.36136337526327356,-0.16930001800408445,0.4183357925719449,-0.375952201555552,-0.7965018146868751,-0.7879662104793318,-0.8134348158303849
-0.15248593787989428,1.836099928657163,-0.1370764373954162,-0.21620523446967865,-0.8674633336864874,-0.646307620810327,-0.14550663520840415,-0.394200824174565,-0.113155246375047,-0.36136337526327356,-0.29560395354982977,1.2334887972783941,-0.22120944456169214,-0.7308850968164303,-0.7879662104793318,-0.8134348158303849
-0.15248593787989428,1.943587832395269,0.1213697794849131,-0.21620523446967865,-0.6751283298880315,-0.5495974259081585,-0.11307508899142252,-0.394200824174565,-0.113155246375047,-0.36136337526327356,0.19382379668993333,-0.3968172121345043,-0.9949232295309912,-0.5996516610755408,-0.7879662104793318,-1.5030050952014689
-0.15248593787989428,1.967474033225959,0.1878273781112835,-0.21620523446967865,-0.8062658324778879,-0.5745352749080888,-0.14550663520840415,-0.394200824174565,-0.113155246375047,-0.36136337526327356,0.22539978057636967,0.9074275953958144,0.24301882641988734,-0.7965018146868751,-0.7879662104793318,-0.8134348158303849
-0.15248593787989428,-0.8811942778421538,-0.6465846935309225,-0.19728701193704748,-0.9374033350677441,-0.7302447711027751,-0.14550663520840415,0.3731330841652355,-0.113155246375047,-0.36136337526327356,1.614743071579568,-1.2119702168409536,-0.0664666875678323,-0.27156807172331715,-0.7879662104793318,0.9805691630212157
-0.15248593787989428,1.7883275269957828,-0.22568656889724337,-0.21620523446967865,-0.8849483340318016,-0.6675960284931943,-0.14550663520840415,-0.394200824174565,-0.113155246375047,-0.36136337526327356,-0.16930001800408445,-1.2119702168409536,-0.375952201555552,1.171999721426467,-0.7879662104793318,0.9805691630212157
-0.15248593787989428,0.9761966987523161,0.025375470357933652,-0.19728701193704748,0.8198391996363307,-0.1962098583725618,-0.14550663520840415,-0.394200824174565,-0.113155246375047,-0.2544214055440638,-0.37980657724699335,1.5595499991609738,0.08827606942602752,-0.7965018146868751,-0.7879662104793318,-0.8134348158303849
-0.15248593787989428,1.919701631564579,-0.1296922597702639,-0.21620523446967865,-0.8281220829095305,-0.739976614614943,-0.14550663520840415,-0.394200824174565,-0.113155246375047,-0.2544214055440638,-0.5429491606602477,1.0704581963371043,-0.0664666875678323,-0.7965018146868751,-0.7879662104793318,-0.8134348158303849
-0.15248593787989428,1.4897500166121553,1.0960812260050121,-0.21620523446967865,-0.7013558304060027,-0.9078509151998392,-0.14550663520840415,-0.394200824174565,-0.113155246375047,-0.36136337526327356,-0.16930001800408445,1.0704581963371043,0.3977615834137472,-0.7308850968164303,-0.7879662104793318,-0.8134348158303849
-0.15248593787989428,1.3942052132893945,0.5274995488682876,-0.21620523446967865,-0.7232120808376454,-0.9042014738827763,-0.14550663520840415,-0.394200824174565,-0.113155246375047,-0.36136337526327356,-0.16930001800408445,1.2334887972783941,0.3977615834137472,-0.7965018146868751,-0.7879662104793318,-0.8134348158303849
-0.15248593787989428,1.2628311087205983,0.29859004248856746,-0.21620523446967865,-0.775667081873588,-0.838511530175643,-0.14550663520840415,-0.394200824174565,-0.113155246375047,-0.36136337526327356,-0.16930001800408445,0.7443969944545246,-0.5306949585494117,-0.6652683789459856,-0.7879662104793318,-0.8134348158303849
-0.1356735357726038,-0.9163069930632683,-0.3586017661499841,-0.1689096781381007,-0.4871645761759041,-0.5909577608348721,-0.12929086209991333,0.31112630369333244,-0.113155246375047,-0.36136337526327356,-0.16930001800408445,-1.0489396158996638,-0.0664666875678323,-0.5996516610755408,-0.7879662104793318,0.9805691630212157
-0.14221169214766122,0.9284242970909357,-0.19614985839663432,-0.18782790067073188,0.308402939535891,0.33904153479667254,-0.14550663520840415,-0.37094828149760134,-0.113155246375047,2.782730534481495,-0.43243321705772053,0.0922745906893652,-0.0664666875678323,-0.8621185325573197,-0.7879662104793318,-0.8078285533964735
-0.14221169214766122,-0.724500800392826,0.675183101371333,-0.19728701193704748,-0.8630920836001589,-0.6621218665175999,-0.12929086209991333,-0.014409293784158674,-0.113155246375047,-0.36136337526327356,-0.16930001800408445,-1.2119702168409536,1.0167326113891864,0.7126826963333539,-0.7879662104793318,0.9805691630212157
-0.14221169214766122,-0.7233064903512915,0.06968053610884724,-0.21620523446967865,-0.9111758345497729,-0.6627301067371103,-0.14550663520840415,0.07085002936470805,-0.113155246375047,-0.36136337526327356,1.393711184374514,-1.2119702168409536,0.7072470974014669,0.8439161320742433,-0.7879662104793318,0.9805691630212157
-0.14221169214766122,-0.722112180309757,0.6825672789964853,-0.19728701193704748,-0.9155470846361015,-0.4960722865912351,-0.14550663520840415,0.024344944010780745,-0.113155246375047,-0.36136337526327356,0.7674541706268599,-1.2119702168409536,-0.5306949585494117,0.7126826963333539,-0.7879662104793318,0.9805691630212157
-0.14221169214766122,-0.9030501516022352,0.23213244386219709,-0.19728701193704748,-0.8062658324778879,-0.38476432642081476,-0.14550663520840415,0.0941025720416717,-0.113155246375047,-0.36136337526327356,-0.16930001800408445,-1.3750008177822435,-0.5306949585494117,-0.009101200241538217,-0.7879662104793318,0.9805691630212157
-0.14221169214766122,0.9403673975062807,-0.4398277200266591,-0.21620523446967865,-0.7712958317872595,-0.6286686544445227,-0.14550663520840415,-0.394200824174565,-0.113155246375047,-0.36136337526327356,-0.16930001800408445,-0.8859090149583739,-1.4591515005125708,-0.009101200241538217,-0.7879662104793318,0.9805691630212157
-0.14221169214766122,-0.9081856847808336,-0.49151696340272494,-0.19728701193704748,-0.8893195841181302,-0.8354703290780905,-0.14550663520840415,1.2412280107718783,-0.113155246375047,-0.36136337526327356,0.6358875711000419,-0.8859090149583739,0.7072470974014669,0.9095328499446881,-0.7879662104793318,0.9805691630212157
-0.13660755811189773,-0.9034084446146956,-0.01892959539297994,-0.19728701193704748,-0.8412358331685161,-0.38476432642081476,-0.12388560439708307,0.3576313890472597,-0.113155246375047,-0.36136337526327356,-0.16930001800408445,-0.8859090149583739,0.552504340407607,0.6470659784629091,-0.7879662104793318,0.9805691630212157
-0.13660755811189773,-0.8576663700239239,0.14352231236036989,-0.15945056687178513,-0.6620145796290459,-0.6590806654200474,-0.1184803466942528,1.2412280107718783,-0.113155246375047,-0.36136337526327356,1.6515817194470772,-0.8859090149583739,0.3977615834137472,0.187748953369796,-0.7879662104793318,0.9805691630212157
-0.13660755811189773,-0.903766737627156,0.4167368844910037,-0.19728701193704748,-0.9068045844634444,-0.6821937937614461,-0.14550663520840415,0.03984663912875651,-0.113155246375047,-0.36136337526327356,0.8306061383997326,-1.0489396158996638,0.08827606942602752,0.187748953369796,-0.7879662104793318,0.9805691630212157
-0.13660755811189773,-0.9068719437351457,0.4315052397413083,-0.19728701193704748,-0.8674633336864874,-0.27528108690892594,-0.12929086209991333,0.10185341960065958,-0.113155246375047,-0.36136337526327356,1.504227127977041,-0.7228784140170841,0.8619898543953266,1.696933464390025,-0.7879662104793318,0.9805691630212157
-0.13660755811189773,-0.9069913747392991,0.06968053610884724,-0.19728701193704748,-0.8368645830821876,-0.5392573421764801,-0.14550663520840415,0.5048974926680295,-0.113155246375047,-0.36136337526327356,0.4359063398192785,-1.3750008177822435,-0.5306949585494117,0.4502158248515749,-0.7879662104793318,0.9805691630212157
-0.13660755811189773,-0.8673402813603533,-2.440939856442923,-0.1689096781381007,0.35648669048550496,0.46677198089387617,-0.14550663520840415,-0.394200824174565,-0.113155246375047,-0.3399749813194316,-0.13246137013657538,1.0704581963371043,-0.22120944456169214,-0.6652683789459856,-0.7879662104793318,-0.8134348158303849
-0.13754158045119164,-0.8092968133417762,0.2912058648634152,-0.07431856547494485,-0.5090208266075468,6.275466077219089,-0.14550663520840415,-0.23143302543581942,-0.113155246375047,-0.36136337526327356,-0.574525144546684,0.7443969944545246,-0.9949232295309912,-0.7308850968164303,-0.7879662104793318,-0.8134348158303849
-0.13754158045119164,-0.6934487393129287,0.6604147461210285,-0.15945056687178513,-0.4390808252262901,-0.6201532913713758,-0.14550663520840415,0.6754161389657629,-0.113155246375047,-0.36136337526327356,-0.16930001800408445,-0.8859090149583739,0.7072470974014669,-0.27156807172331715,-0.7879662104793318,0.9805691630212157
-0.13754158045119164,-0.663590988274566,1.310222377134428,-0.21620523446967865,-0.8893195841181302,-0.6560394643224949,-0.14550663520840415,0.016594096451792863,-0.113155246375047,-0.36136337526327356,0.26750109242495146,-0.8859090149583739,-0.22120944456169214,0.3845991069811302,-0.7879662104793318,0.9805691630212157
-0.13754158045119164,-0.6922544292713942,0.45365777261676504,-0.1783687894044163,-0.8499783333411732,-0.5921742412738931,-0.053617254260289536,1.0242042791202177,-0.113155246375047,-0.36136337526327356,-0.16930001800408445,-0.8859090149583739,0.24301882641988734,0.3845991069811302,-0.7879662104793318,0.9805691630212157
-0.14127766980836728,-0.9166652860757286,0.04014382560823818,-0.19728701193704748,-0.8936908342044587,-0.6773278720053622,-0.12388560439708307,-0.022160141343146558,-0.113155246375047,-0.36136337526327356,-0.16930001800408445,-1.2119702168409536,0.7072470974014669,0.25336567124024073,-0.7879662104793318,0.9805691630212157
-0.14127766980836728,-0.7149463200605499,1.0517761602540985,-0.19728701193704748,-0.8849483340318016,-0.07456181447046309,-0.12929086209991333,0.16386020007256266,-0.113155246375047,-0.36136337526327356,1.672632375371368,-1.2119702168409536,0.24301882641988734,1.3032331571673565,-0.7879662104793318,0.9805691630212157
-0.14127766980836728,-0.9006615315191663,0.3576634634897856,-0.19728701193704748,-0.8893195841181302,-0.4790415604449413,-0.14550663520840415,0.001092401333817094,-0.113155246375047,-0.36136337526327356,0.9990113857940599,-0.8859090149583739,0.08827606942602752,1.3688498750378013,-0.7879662104793318,0.9805691630212157
-0.14127766980836728,-0.8791639507715451,0.3724318187400901,-0.19728701193704748,-0.8150083326505448,-0.46505203539619994,-0.14550663520840415,0.25687037078041725,-0.113155246375047,-0.36136337526327356,1.3200338886394958,-0.8859090149583739,0.24301882641988734,0.5158325427220196,-0.7879662104793318,0.9805691630212157
-0.14127766980836728,-0.6779227087729801,-2.6993860733232524,-0.19728701193704748,-0.29920082246377666,-0.1475506408117223,-0.14550663520840415,-0.394200824174565,-0.113155246375047,-0.3399749813194316,-0.31139194549304794,1.0704581963371043,0.08827606942602752,-0.6652683789459856,-0.7879662104793318,-0.8134348158303849
-0.13847560279048554,-0.9075885297600664,0.38720017399039464,-0.18782790067073188,-0.7800383319599166,-0.504587649664382,-0.12929086209991333,0.25687037078041725,-0.113155246375047,-0.36136337526327356,-0.16930001800408445,-1.0489396158996638,0.3977615834137472,0.7782994142037986,-0.7879662104793318,0.9805691630212157
-0.13847560279048554,-0.8948094123156471,-0.04108212826843674,-0.18782790067073188,-0.7625533316146024,-0.645091140371306,-0.12929086209991333,0.44289071219612647,-0.113155246375047,-0.36136337526327356,-0.16930001800408445,-1.0489396158996638,0.24301882641988734,-0.27156807172331715,-0.7879662104793318,0.9805691630212157
-0.13847560279048554,-0.7818276823864825,-0.9345676209118609,-0.19728701193704748,1.9082804711321382,0.5154311984547156,-0.14550663520840415,-0.394200824174565,-0.113155246375047,-0.2544214055440638,-0.537686496679175,1.0704581963371043,0.7072470974014669,-0.5340349432050961,-0.7879662104793318,-1.5142176200692914
-0.13847560279048554,-0.9145155280009666,0.21736408861189255,-0.1689096781381007,-0.7057270804923312,-0.6998327601272505,-0.14550663520840415,0.16386020007256266,-0.113155246375047,-0.36136337526327356,-0.05878407440155732,-0.8859090149583739,0.08827606942602752,-0.3371847895937619,-0.7879662104793318,0.9805691630212157
-0.13847560279048554,-0.8979146184236368,-0.5875112725297044,-0.18782790067073188,-0.7625533316146024,-0.6700289893712362,-0.1184803466942528,-0.18492794008189212,-0.113155246375047,-0.36136337526327356,-0.16930001800408445,-1.0489396158996638,1.0167326113891864,0.12213223549935126,-0.7879662104793318,0.9805691630212157
